-- ============================================================
-- DEV ONLY — Copy operational data from production
-- Applied 2026-06-14 to dev project (cgcbfgceputvdvhzrgio).
-- DO NOT apply to production — data already exists there.
-- ============================================================

-- ── Stops ─────────────────────────────────────────────────────────────────────
insert into stops (id, name, lat, lon, naptan_code, is_depot) values
('00000000-0000-0000-0001-000000000000','Phil Haines Coaches Depot',52.950412,-0.05011,null,true),
('00000000-0000-0000-0002-000000000001','Weston, adj The Chequers PH',52.807997,-0.083951,null,false),
('00000000-0000-0000-0002-000000000002','Weston, opp Delgate Bank',52.807162,-0.074017,null,false),
('00000000-0000-0000-0002-000000000003','Moulton, opp Bell Lane',52.805379,-0.065016,null,false),
('00000000-0000-0000-0002-000000000004','Moulton, adj River Lane',52.804524,-0.057221,null,false),
('00000000-0000-0000-0002-000000000005','Whaplode, opp St Mary''s Gardens',52.800272,-0.041953,null,false),
('00000000-0000-0000-0002-000000000006','Whaplode, adj Darjeeling Restaurant',52.800214,-0.036289,null,false),
('00000000-0000-0000-0002-000000000007','Whaplode, opp Middle Road',52.800127,-0.032125,null,false),
('00000000-0000-0000-0002-000000000008','Whaplode, adj Stockwell Gate',52.80104,-0.026476,null,false),
('00000000-0000-0000-0002-000000000009','Holbeach, opp Wignals Gate',52.803429,-0.01177,null,false),
('00000000-0000-0000-0002-000000000010','Holbeach, opp Netherfield',52.804283,-0.001034,null,false),
('00000000-0000-0000-0002-000000000011','Holbeach, adj Fairfields',52.804876,0.005373,null,false),
('00000000-0000-0000-0002-000000000012','Holbeach, opp Stukeley Hall Drive',52.80472,0.009816,null,false),
('00000000-0000-0000-0002-000000000013','Holbeach, opp Interchange Shelter',52.803419,0.018658,null,false),
('00000000-0000-0000-0002-000000000014','Holbeach, opp Damgate',52.803826,0.023765,null,false),
('00000000-0000-0000-0002-000000000015','Holbeach, adj Rowan Close',52.803854,0.031629,null,false),
('00000000-0000-0000-0002-000000000016','Fleet Road (opp)',52.805217,0.052731,null,false),
('00000000-0000-0000-0002-000000000017','Fleet Hargate, adj Winslow Gate',52.804581,0.058324,null,false),
('00000000-0000-0000-0002-000000000018','Fleet Hargate, opp Proctors Close',52.804406,0.062188,null,false),
('00000000-0000-0000-0002-000000000019','Holbeach Cackle Hill, opp 188 Boston Road',52.81834,0.002431,null,false),
('00000000-0000-0000-0002-000000000020','New Saracen''s Head PH (adj)',52.824392,-0.012074,null,false),
('00000000-0000-0000-0002-000000000021','Fosdyke, adj Village Hall',52.880265,-0.045871,null,false),
('00000000-0000-0000-0002-000000000022','Fosdyke, opp All Saint''s Church',52.880896,-0.047091,null,false),
('00000000-0000-0000-0002-000000000023','Boston College (adj)',52.972156,-0.018524,null,false),
('00000000-0000-0000-0003-000000000001','Boston College Car Park (in)',52.972644,-0.018537,null,false),
('00000000-0000-0000-0003-000000000002','Fosdyke, adj All Saint''s Church',52.880978,-0.047132,null,false),
('00000000-0000-0000-0003-000000000003','Fosdyke, opp Village Hall',52.880436,-0.045893,null,false),
('00000000-0000-0000-0003-000000000004','New Saracen''s Head PH (opp)',52.824361,-0.011838,null,false),
('00000000-0000-0000-0003-000000000005','Holbeach Cackle Hill, adj 188 Boston Road',52.818263,0.002724,null,false),
('00000000-0000-0000-0003-000000000006','Fleet Hargate, adj Proctors Close',52.80428,0.062167,null,false),
('00000000-0000-0000-0003-000000000007','Fleet Hargate, opp Winslow Gate',52.804457,0.058214,null,false),
('00000000-0000-0000-0003-000000000008','Fleet Road (adj)',52.805131,0.052994,null,false),
('00000000-0000-0000-0003-000000000009','Holbeach, opp Rowan Close',52.803711,0.031578,null,false),
('00000000-0000-0000-0003-000000000010','Holbeach, adj Damgate',52.803616,0.023429,null,false),
('00000000-0000-0000-0003-000000000011','Holbeach, adj Interchange Shelter',52.803333,0.018431,null,false),
('00000000-0000-0000-0003-000000000012','Holbeach, adj Stukeley Hall Drive',52.804498,0.010192,null,false),
('00000000-0000-0000-0003-000000000013','Holbeach, opp Fairfields',52.804733,0.005292,null,false),
('00000000-0000-0000-0003-000000000014','Holbeach, adj Netherfield',52.804253,-0.000308,null,false),
('00000000-0000-0000-0003-000000000015','Holbeach, adj Wignals Gate',52.803359,-0.011313,null,false),
('00000000-0000-0000-0003-000000000016','Whaplode, opp Stockwell Gate',52.801387,-0.024606,null,false),
('00000000-0000-0000-0003-000000000017','Whaplode, adj Middle Road',52.79997,-0.031331,null,false),
('00000000-0000-0000-0003-000000000018','Whaplode, opp Darjeeling Restaurant',52.800097,-0.036546,null,false),
('00000000-0000-0000-0003-000000000019','Whaplode, adj St Mary''s Gardens',52.800141,-0.041662,null,false),
('00000000-0000-0000-0003-000000000020','Moulton, opp River Lane',52.804244,-0.05661,null,false),
('00000000-0000-0000-0003-000000000021','Moulton, adj Bell Lane',52.805291,-0.064546,null,false),
('00000000-0000-0000-0003-000000000022','Weston, adj Delgate Bank',52.807251,-0.075082,null,false),
('00000000-0000-0000-0003-000000000023','Weston, opp The Chequers PH',52.807997,-0.083951,null,false),
('00000000-0000-0000-0004-000000000001','Boston Bus Station (Bay 8)',52.976687,-0.029339,null,false),
('00000000-0000-0000-0004-000000000002','Boston, adj The Minstrels',52.97684,-0.04244,null,false),
('00000000-0000-0000-0004-000000000003','Boston, opp Rosebery Avenue',52.975334,-0.048138,null,false),
('00000000-0000-0000-0004-000000000004','Boston, opp Footpath to Arundel Crescent',52.974449,-0.051216,null,false),
('00000000-0000-0000-0004-000000000005','Boston Wyberton High Bridge (SW-bound)',52.972652,-0.057314,null,false),
('00000000-0000-0000-0004-000000000006','Boston, opp Oldrids',52.970495,-0.058468,null,false),
('00000000-0000-0000-0004-000000000007','Wyberton, opp Pincushion Inn',52.952315,-0.043071,null,false),
('00000000-0000-0000-0004-000000000008','Wyberton, opp Ralphs Lane',52.949823,-0.046265,null,false),
('00000000-0000-0000-0004-000000000009','Frampton, adj Millfield Lane West',52.947574,-0.048911,null,false),
('00000000-0000-0000-0004-000000000010','Frampton, adj Middlegate Road',52.936887,-0.05786,null,false),
('00000000-0000-0000-0004-000000000011','Kirton, opp Woodlands Court',52.932258,-0.058483,null,false),
('00000000-0000-0000-0004-000000000012','Kirton, adj War Memorial',52.928605,-0.058305,null,false),
('00000000-0000-0000-0004-000000000013','Kirton End Post Office (NW-bound)',52.942522,-0.080423,null,false),
('00000000-0000-0000-0004-000000000014','Blackjack Crossroads (N-bound)',52.939293,-0.124779,null,false),
('00000000-0000-0000-0004-000000000015','Swineshead, adj Fenhouses Lane',52.946015,-0.127451,null,false),
('00000000-0000-0000-0004-000000000016','Kirton Holme, adj Fenhouses Drove',52.958665,-0.133217,null,false),
('00000000-0000-0000-0004-000000000017','Baythorpe, opp Hardwick Plot Lane',52.957289,-0.146973,null,false),
('00000000-0000-0000-0004-000000000018','Swineshead, opp Golden Cross PH',52.955383,-0.169013,null,false),
('00000000-0000-0000-0004-000000000019','Swineshead, adj Tarry Hill',52.953391,-0.166313,null,false),
('00000000-0000-0000-0004-000000000020','Swineshead, opp Cole''s Lane',52.949887,-0.162427,null,false),
('00000000-0000-0000-0004-000000000021','Swineshead, adj King John''s Road',52.947266,-0.160961,null,false),
('00000000-0000-0000-0004-000000000022','Swineshead, opp St Mary''s Church',52.945254,-0.159305,null,false),
('00000000-0000-0000-0004-000000000023','Swineshead, adj Bullens Lane',52.941771,-0.15731,null,false),
('00000000-0000-0000-0004-000000000024','Swineshead, adj High Green',52.936049,-0.15416,null,false),
('00000000-0000-0000-0004-000000000025','Swineshead, adj Bentley''s Garage',52.93341,-0.1539,null,false),
('00000000-0000-0000-0004-000000000026','Bicker Bar Hotel (opp)',52.931014,-0.157067,null,false),
('00000000-0000-0000-0004-000000000027','Northorpe, adj Browntoft Lane',52.911188,-0.194405,null,false),
('00000000-0000-0000-0004-000000000028','Northorpe, adj Church Street',52.908128,-0.203648,null,false),
('00000000-0000-0000-0004-000000000029','Donington, adj Market Place',52.905188,-0.20429,null,false),
('00000000-0000-0000-0004-000000000030','Donington, o/s Cowley Secondary School',52.904789,-0.198715,null,false),
('00000000-0000-0000-0005-000000000002','Donington, opp Market Place',52.904987,-0.204655,null,false),
('00000000-0000-0000-0005-000000000003','Northorpe, opp Church Street',52.908371,-0.203073,null,false),
('00000000-0000-0000-0005-000000000004','Northorpe, opp Browntoft Lane',52.911166,-0.194763,null,false),
('00000000-0000-0000-0005-000000000005','Bicker Bar Hotel (adj)',52.93101,-0.15738,null,false),
('00000000-0000-0000-0005-000000000006','Swineshead, opp Bentley''s Garage',52.933377,-0.154095,null,false),
('00000000-0000-0000-0005-000000000007','Swineshead, opp High Green',52.935989,-0.154401,null,false),
('00000000-0000-0000-0005-000000000008','Swineshead, opp Bullens Lane',52.941584,-0.157422,null,false),
('00000000-0000-0000-0005-000000000009','Swineshead, adj St Mary''s Church',52.944598,-0.159318,null,false),
('00000000-0000-0000-0005-000000000010','Swineshead, opp King John''s Road',52.947342,-0.161226,null,false),
('00000000-0000-0000-0005-000000000011','Swineshead, adj Cole''s Lane',52.949551,-0.162159,null,false),
('00000000-0000-0000-0005-000000000012','Swineshead, opp Tarry Hill',52.951651,-0.164883,null,false),
('00000000-0000-0000-0005-000000000013','Swineshead, o/s Golden Cross PH',52.955439,-0.169144,null,false),
('00000000-0000-0000-0005-000000000014','Baythorpe, adj Hardwick Plot Lane',52.957341,-0.146837,null,false),
('00000000-0000-0000-0005-000000000015','Kirton Holme, opp Fenhouses Drove',52.95881,-0.133255,null,false),
('00000000-0000-0000-0005-000000000016','Swineshead, opp Fenhouses Lane',52.94604,-0.127316,null,false),
('00000000-0000-0000-0005-000000000017','Blackjack Crossroads (S-bound)',52.939308,-0.124615,null,false),
('00000000-0000-0000-0005-000000000018','Kirton End Post Office (SW-bound)',52.942661,-0.080104,null,false),
('00000000-0000-0000-0005-000000000019','Kirton, opp War Memorial',52.92897,-0.058095,null,false),
('00000000-0000-0000-0005-000000000020','Kirton, adj Woodlands Court',52.932162,-0.058681,null,false),
('00000000-0000-0000-0005-000000000021','Frampton, opp Middlegate Road',52.937541,-0.057696,null,false),
('00000000-0000-0000-0005-000000000022','Frampton, opp Millfield Lane West',52.947447,-0.049349,null,false),
('00000000-0000-0000-0005-000000000023','Wyberton, adj Ralphs Lane',52.950092,-0.046223,null,false),
('00000000-0000-0000-0005-000000000024','Wyberton, adj Pincushion Inn',52.951864,-0.044044,null,false),
('00000000-0000-0000-0005-000000000025','Boston, adj Oldrids',52.970562,-0.058703,null,false),
('00000000-0000-0000-0005-000000000026','Boston Wyberton High Bridge (NE-bound)',52.972934,-0.056959,null,false),
('00000000-0000-0000-0005-000000000027','Boston, adj Footpath to Arundel Crescent',52.974626,-0.051014,null,false),
('00000000-0000-0000-0005-000000000028','Boston, adj Rosebery Avenue',52.975425,-0.048208,null,false),
('00000000-0000-0000-0005-000000000029','Boston, opp The Minstrels',52.977,-0.042328,null,false),
('c0800b21-324c-4a7c-a2bf-4ab010f1d1a1','Wyberton, adj Tytton Lane West',52.9579204,-0.0434073,null,false),
('1bf33e28-7643-4929-9997-f35e384f0ac9','Boston Bus Station Stop 9',52.9766396,-0.0289818,null,false),
('009851c7-89fc-48df-95bb-0dd3d7bc389b','Stickney, William Lovell Academy',53.0903735,0.0027561,null,false);

-- ── Vehicles ──────────────────────────────────────────────────────────────────
insert into vehicles (id, company_id, registration, fleet_number, make, model, year, vehicle_type, fuel_type, seating_capacity, height_metres, width_metres, length_metres, status) values
('60158411-de5d-4f24-bf18-35264ca1dbc8','00000000-0000-0000-0000-000000000001','SN06YZV',null,null,null,null,'Single Decker Bus','Diesel',null,3.7,2.55,11,'active');

-- ── Employees (Driver-FTE1 only — auth users are environment-specific) ─────────
insert into employees (id, company_id, auth_user_id, name, access_level, job_role, status, work_type, hours_rule, journey_types) values
('f69d5eff-b830-4548-accc-07bcd95de5d7','00000000-0000-0000-0000-000000000001',null,'Driver-FTE1','driver','DRIVER','AVAILABLE','FTE','DOMESTIC_GB',ARRAY['Excursion','Tour','Private Hire']);

-- ── Routes ────────────────────────────────────────────────────────────────────
insert into routes (id, company_id, service_code, name, journey_type, single_journey, origin, destination, service_registration_number) values
('0091c00f-ba34-4862-930d-770c037628bd','00000000-0000-0000-0000-000000000001','20617','Kirton to William Lovell Academy',ARRAY['Contract Schools'],true,null,null,null),
('00000000-0000-0000-0000-000000000011','00000000-0000-0000-0000-000000000001','S116S','Boston to Donington',ARRAY['Contract Schools'],false,null,null,null),
('00000000-0000-0000-0000-000000000010','00000000-0000-0000-0000-000000000001','S125S','Weston to Boston College',ARRAY['Contract Schools'],false,null,null,null);

-- ── Timetables ────────────────────────────────────────────────────────────────
insert into timetables (id, route_id, name, direction) values
('337b9165-142d-427c-8b1c-25653e5befe6','0091c00f-ba34-4862-930d-770c037628bd',' Kirton, opp War Memorial to Stickney, William Lovell Academy','Inbound'),
('00000000-0000-0000-0000-000000000021','00000000-0000-0000-0000-000000000010','Afternoon','Inbound'),
('00000000-0000-0000-0000-000000000023','00000000-0000-0000-0000-000000000011','Afternoon','Inbound'),
('00000000-0000-0000-0000-000000000020','00000000-0000-0000-0000-000000000010','Morning','Outbound'),
('00000000-0000-0000-0000-000000000022','00000000-0000-0000-0000-000000000011','Morning','Outbound'),
('0fb9bc60-f7cc-4bb4-b75c-d84c605c204a','0091c00f-ba34-4862-930d-770c037628bd','Stickney, William Lovell Academy to Kirton, opp War Memorial','Outbound');

-- ── Timetable departures ──────────────────────────────────────────────────────
insert into timetable_departures (id, timetable_id, departure_time, days_of_week, timing_profile, valid_from, valid_to, vehicle_journey_code) values
('338aebc6-8b5e-4a86-acad-a56bcf7a123b','00000000-0000-0000-0000-000000000020','07:27:00',ARRAY[1,2,3,4,5],'standard',null,null,'VJ1'),
('192195c8-3d88-42ba-9a7d-a4a7136a3cd2','00000000-0000-0000-0000-000000000021','16:50:00',ARRAY[1,2,3,4,5],'standard',null,null,'VJ2'),
('6414c87f-45e6-49b7-aa9d-79f989257aeb','00000000-0000-0000-0000-000000000022','07:40:00',ARRAY[1,2,3,4,5],'standard',null,null,'VJ1'),
('d421ed53-80ed-4a1a-a5ed-59d4e8050e9c','00000000-0000-0000-0000-000000000023','15:23:00',ARRAY[1,2,3,4,5],'standard',null,null,'VJ2');

-- ── Timetable stops ───────────────────────────────────────────────────────────
insert into timetable_stops (id, timetable_id, stop_id, sequence, stop_type, offset_standard, offset_delay, offset_early) values
-- S125S Morning Outbound
('98d05008-9d41-47b6-b1ff-04002a044d96','00000000-0000-0000-0000-000000000020','00000000-0000-0000-0002-000000000001',1,'timing_point',0,0,0),
('b366d2cf-b3bf-4a17-ba55-74e4ea932899','00000000-0000-0000-0000-000000000020','00000000-0000-0000-0002-000000000002',2,'timing_point',1,1,1),
('65727112-2000-448a-aa32-fd6eada2e825','00000000-0000-0000-0000-000000000020','00000000-0000-0000-0002-000000000003',3,'timing_point',3,3,3),
('4aa94195-8197-43cb-920c-7eb61bae4e15','00000000-0000-0000-0000-000000000020','00000000-0000-0000-0002-000000000004',4,'timing_point',4,4,4),
('26c9472d-0d93-4f29-ba5a-8da794927142','00000000-0000-0000-0000-000000000020','00000000-0000-0000-0002-000000000005',5,'timing_point',7,7,7),
('19df4bf6-0941-46ae-8e36-018f748dd567','00000000-0000-0000-0000-000000000020','00000000-0000-0000-0002-000000000006',6,'timing_point',8,8,8),
('8db895f8-1b19-41d5-8499-fc0ce06e7728','00000000-0000-0000-0000-000000000020','00000000-0000-0000-0002-000000000007',7,'timing_point',8,8,8),
('4bddf9d9-285f-4e99-ab95-03ce21a85bd5','00000000-0000-0000-0000-000000000020','00000000-0000-0000-0002-000000000008',8,'timing_point',9,9,9),
('99d7356c-91cc-40ab-94a3-f5b194c63e20','00000000-0000-0000-0000-000000000020','00000000-0000-0000-0002-000000000009',9,'timing_point',9,9,9),
('1df233bc-43cc-4e2f-9ad3-99e9d18e0525','00000000-0000-0000-0000-000000000020','00000000-0000-0000-0002-000000000010',10,'timing_point',10,10,10),
('0da115c2-31ed-43a1-9cc3-c4ad40866c7f','00000000-0000-0000-0000-000000000020','00000000-0000-0000-0002-000000000011',11,'timing_point',13,13,13),
('d779263f-436c-4736-8ec2-2e5a8df47150','00000000-0000-0000-0000-000000000020','00000000-0000-0000-0002-000000000012',12,'timing_point',14,14,14),
('26b96cb9-839a-4d4d-baef-e91537f12096','00000000-0000-0000-0000-000000000020','00000000-0000-0000-0002-000000000013',13,'timing_point',16,16,16),
('ed366d8f-764e-4f50-a8d8-2cc5d9727c15','00000000-0000-0000-0000-000000000020','00000000-0000-0000-0002-000000000014',14,'timing_point',16,16,16),
('9965772e-ccd2-40a7-9dad-a86371f3a009','00000000-0000-0000-0000-000000000020','00000000-0000-0000-0002-000000000015',15,'timing_point',23,23,23),
('e2395100-d0c0-4ef5-8990-e5aceaad4f02','00000000-0000-0000-0000-000000000020','00000000-0000-0000-0002-000000000016',16,'timing_point',24,24,24),
('4122bd88-a4a1-4587-b356-f5a28608bbf4','00000000-0000-0000-0000-000000000020','00000000-0000-0000-0002-000000000017',17,'timing_point',25,25,25),
('80fd9a92-8fe6-416e-823a-51d42eeaaa08','00000000-0000-0000-0000-000000000020','00000000-0000-0000-0002-000000000018',18,'timing_point',26,26,26),
('d45b8100-5439-46c1-bd26-dfcdf3399629','00000000-0000-0000-0000-000000000020','00000000-0000-0000-0002-000000000019',19,'timing_point',33,33,33),
('bd8d07a8-4579-42e1-8161-368e0cddf1da','00000000-0000-0000-0000-000000000020','00000000-0000-0000-0002-000000000020',20,'timing_point',36,36,36),
('8f2cf8c9-590c-43f2-affa-9bdfd13fd4c8','00000000-0000-0000-0000-000000000020','00000000-0000-0000-0002-000000000021',21,'timing_point',43,43,43),
('d0b48860-aa0b-46fe-aee8-520d5ea2bf7d','00000000-0000-0000-0000-000000000020','00000000-0000-0000-0002-000000000022',22,'timing_point',43,43,43),
('658345f2-129c-4498-821f-47b98bbfd33d','00000000-0000-0000-0000-000000000020','00000000-0000-0000-0002-000000000023',23,'timing_point',73,73,73),
-- S125S Afternoon Inbound
('bbb44d0c-5bf8-4e10-9021-ae9e58d3afe4','00000000-0000-0000-0000-000000000021','00000000-0000-0000-0003-000000000001',1,'timing_point',0,0,0),
('3a7cf133-6afe-4748-9097-c1b4bbbd91d9','00000000-0000-0000-0000-000000000021','00000000-0000-0000-0003-000000000002',2,'timing_point',15,15,15),
('35d1684c-4ec1-4455-a8a4-586c48046c09','00000000-0000-0000-0000-000000000021','00000000-0000-0000-0003-000000000003',3,'timing_point',19,19,19),
('734bfe60-b164-49c9-bf0f-435ab1d483a1','00000000-0000-0000-0000-000000000021','00000000-0000-0000-0003-000000000004',4,'timing_point',26,26,26),
('cc0f4035-c486-4fd7-9d3a-eed29e10b998','00000000-0000-0000-0000-000000000021','00000000-0000-0000-0003-000000000005',5,'timing_point',29,29,29),
('a4491e48-28bb-4843-b11a-8d80070ae449','00000000-0000-0000-0000-000000000021','00000000-0000-0000-0003-000000000006',6,'timing_point',36,36,36),
('57f20993-7478-4387-bef3-921ffddadab6','00000000-0000-0000-0000-000000000021','00000000-0000-0000-0003-000000000007',7,'timing_point',36,36,36),
('bb59c3d8-e934-4159-8aab-39adafcaa7ea','00000000-0000-0000-0000-000000000021','00000000-0000-0000-0003-000000000008',8,'timing_point',38,38,38),
('044bdf6b-f5fb-4623-9e09-0a29978c5ebb','00000000-0000-0000-0000-000000000021','00000000-0000-0000-0003-000000000009',9,'timing_point',39,39,39),
('3e5c151d-4750-48b7-92d6-d8050e91af89','00000000-0000-0000-0000-000000000021','00000000-0000-0000-0003-000000000010',10,'timing_point',40,40,40),
('42bbdd94-265f-4815-806f-5bd814edc028','00000000-0000-0000-0000-000000000021','00000000-0000-0000-0003-000000000011',11,'timing_point',41,41,41),
('cf8007a3-e93e-472c-84e3-2a6be8dda565','00000000-0000-0000-0000-000000000021','00000000-0000-0000-0003-000000000012',12,'timing_point',43,43,43),
('7886224c-6a00-4167-ae91-603fc97a5cd6','00000000-0000-0000-0000-000000000021','00000000-0000-0000-0003-000000000013',13,'timing_point',45,45,45),
('a043ec80-d3ff-49b3-8658-2627d27ad86e','00000000-0000-0000-0000-000000000021','00000000-0000-0000-0003-000000000014',14,'timing_point',45,45,45),
('0f06c230-c759-4b29-b0c2-d872e432f158','00000000-0000-0000-0000-000000000021','00000000-0000-0000-0003-000000000015',15,'timing_point',46,46,46),
('0a82feb9-3089-4871-879f-a5cddd81014d','00000000-0000-0000-0000-000000000021','00000000-0000-0000-0003-000000000016',16,'timing_point',47,47,47),
('79c57eac-c70b-45c7-971c-9d8effa2a19f','00000000-0000-0000-0000-000000000021','00000000-0000-0000-0003-000000000017',17,'timing_point',47,47,47),
('b85c34cb-ca17-4e47-b4d5-49fc925a55d6','00000000-0000-0000-0000-000000000021','00000000-0000-0000-0003-000000000018',18,'timing_point',49,49,49),
('b8a2289d-70d0-493f-a744-ea4fe1b8b0a0','00000000-0000-0000-0000-000000000021','00000000-0000-0000-0003-000000000019',19,'timing_point',50,50,50),
('d09fe9ac-5232-4244-ab15-4c7496c637de','00000000-0000-0000-0000-000000000021','00000000-0000-0000-0003-000000000020',20,'timing_point',51,51,51),
('b7d09a5d-c951-4930-857a-0f55ab7e948e','00000000-0000-0000-0000-000000000021','00000000-0000-0000-0003-000000000021',21,'timing_point',52,52,52),
('71cc9c60-8d63-4adf-b75b-29ee7871e844','00000000-0000-0000-0000-000000000021','00000000-0000-0000-0003-000000000022',22,'timing_point',53,53,53),
('3e326cea-388c-4e73-a51a-75699c9f442d','00000000-0000-0000-0000-000000000021','00000000-0000-0000-0003-000000000023',23,'timing_point',55,55,55),
-- S116S Morning Outbound
('f5900060-98bc-4157-9728-d268328ecaa6','00000000-0000-0000-0000-000000000022','00000000-0000-0000-0004-000000000001',1,'timing_point',0,0,0),
('2ef9db6e-689e-4fa1-929a-26940a55c945','00000000-0000-0000-0000-000000000022','00000000-0000-0000-0004-000000000002',2,'timing_point',3,3,3),
('bab5e36c-6917-4a7a-9eb4-0c59517c1313','00000000-0000-0000-0000-000000000022','00000000-0000-0000-0004-000000000003',3,'timing_point',4,4,4),
('ff8e79a3-9c02-4397-b55c-84e0df807257','00000000-0000-0000-0000-000000000022','00000000-0000-0000-0004-000000000004',4,'timing_point',4,4,4),
('7e9cffd4-78f2-4ab9-a7d5-2b527a5e82d1','00000000-0000-0000-0000-000000000022','00000000-0000-0000-0004-000000000005',5,'timing_point',5,5,5),
('8edcc92d-1a1e-4f28-91fe-7e8efcaf1060','00000000-0000-0000-0000-000000000022','00000000-0000-0000-0004-000000000006',6,'timing_point',6,6,6),
('b270b00a-9627-4f96-a2d3-c910f7527570','00000000-0000-0000-0000-000000000022','00000000-0000-0000-0004-000000000007',7,'timing_point',13,13,13),
('48543e8c-fbc3-4b2b-9b74-301ab9fb335f','00000000-0000-0000-0000-000000000022','00000000-0000-0000-0004-000000000008',8,'timing_point',13,13,13),
('4348b49b-b4c5-4acb-85b3-2dfec54d7e05','00000000-0000-0000-0000-000000000022','00000000-0000-0000-0004-000000000009',9,'timing_point',14,14,14),
('deb4446a-e8f0-4f04-b247-53c62c46a3ef','00000000-0000-0000-0000-000000000022','00000000-0000-0000-0004-000000000010',10,'timing_point',15,15,15),
('4c0e7ffe-fcdd-4beb-88e2-242a9ad091b9','00000000-0000-0000-0000-000000000022','00000000-0000-0000-0004-000000000011',11,'timing_point',17,17,17),
('59020458-f922-4d95-ae4a-12bbfd4bf3e2','00000000-0000-0000-0000-000000000022','00000000-0000-0000-0004-000000000012',12,'timing_point',18,18,18),
('85d3f2dd-0737-4ca8-86a4-25707134715d','00000000-0000-0000-0000-000000000022','00000000-0000-0000-0004-000000000013',13,'timing_point',23,23,23),
('f560487f-1c34-45f6-8133-705a8a171c96','00000000-0000-0000-0000-000000000022','00000000-0000-0000-0004-000000000014',14,'timing_point',25,25,25),
('b24e95ca-5765-4426-afcf-523160c33d4c','00000000-0000-0000-0000-000000000022','00000000-0000-0000-0004-000000000015',15,'timing_point',27,27,27),
('177eda27-4159-4522-97e4-b402533777e9','00000000-0000-0000-0000-000000000022','00000000-0000-0000-0004-000000000016',16,'timing_point',28,28,28),
('8f5123e9-e15b-424a-941d-f555b3dfd6bd','00000000-0000-0000-0000-000000000022','00000000-0000-0000-0004-000000000017',17,'timing_point',30,30,30),
('1bc0c0e6-ac49-49b9-93ed-872ed7dff0a9','00000000-0000-0000-0000-000000000022','00000000-0000-0000-0004-000000000018',18,'timing_point',33,33,33),
('ed49ca1d-9c85-4b88-9bdc-d98dd80b7c30','00000000-0000-0000-0000-000000000022','00000000-0000-0000-0004-000000000019',19,'timing_point',35,35,35),
('347c874d-aadf-4e62-bf0b-b8e7ff071f85','00000000-0000-0000-0000-000000000022','00000000-0000-0000-0004-000000000020',20,'timing_point',35,35,35),
('9c4bf10a-f637-4e46-80ec-003ca9ec158b','00000000-0000-0000-0000-000000000022','00000000-0000-0000-0004-000000000021',21,'timing_point',36,36,36),
('3cd90453-ea51-4afa-a65b-26a95c3bfcd1','00000000-0000-0000-0000-000000000022','00000000-0000-0000-0004-000000000022',22,'timing_point',37,37,37),
('1fcabd63-0580-4924-b775-4f83ae264b5c','00000000-0000-0000-0000-000000000022','00000000-0000-0000-0004-000000000023',23,'timing_point',37,37,37),
('2248ad53-4cd0-403d-8ce6-d765495163ca','00000000-0000-0000-0000-000000000022','00000000-0000-0000-0004-000000000024',24,'timing_point',38,38,38),
('af84f49b-bd0e-435a-89df-ba136295d2c6','00000000-0000-0000-0000-000000000022','00000000-0000-0000-0004-000000000025',25,'timing_point',38,38,38),
('96db20b7-9a45-4a49-a070-8d92695c5208','00000000-0000-0000-0000-000000000022','00000000-0000-0000-0004-000000000026',26,'timing_point',39,39,39),
('e2221034-285f-4665-9763-128a6a5d3790','00000000-0000-0000-0000-000000000022','00000000-0000-0000-0004-000000000027',27,'timing_point',41,41,41),
('3ed1d251-5223-4aea-8090-d4cec76f1f24','00000000-0000-0000-0000-000000000022','00000000-0000-0000-0004-000000000028',28,'timing_point',42,42,42),
('fd174880-9623-4c1b-bb8b-c23ad9e1f9ae','00000000-0000-0000-0000-000000000022','00000000-0000-0000-0004-000000000029',29,'timing_point',44,44,44),
('9e637f5d-2546-4250-bd05-6c890df4a497','00000000-0000-0000-0000-000000000022','00000000-0000-0000-0004-000000000030',30,'timing_point',45,45,45),
-- S116S Afternoon Inbound
('4886d7b0-a341-4681-8bcc-68aa432d6693','00000000-0000-0000-0000-000000000023','00000000-0000-0000-0004-000000000030',1,'timing_point',0,0,0),
('1b4dab9e-5416-45ab-b867-16107799654b','00000000-0000-0000-0000-000000000023','00000000-0000-0000-0005-000000000002',2,'timing_point',1,1,1),
('e4e8efd3-57c0-489c-b426-d57f09343634','00000000-0000-0000-0000-000000000023','00000000-0000-0000-0005-000000000003',3,'timing_point',4,4,4),
('1b8f54ae-217c-4482-96d2-9b06ab5cebf6','00000000-0000-0000-0000-000000000023','00000000-0000-0000-0005-000000000004',4,'timing_point',5,5,5),
('038bf435-3f9b-43f2-aa76-38fb7d3f227a','00000000-0000-0000-0000-000000000023','00000000-0000-0000-0005-000000000005',5,'timing_point',7,7,7),
('bbc3e8b4-4309-42a6-b4d8-00e687e22f76','00000000-0000-0000-0000-000000000023','00000000-0000-0000-0005-000000000006',6,'timing_point',8,8,8),
('13b586ad-8ab1-4dd0-a0bf-30e7478c5a11','00000000-0000-0000-0000-000000000023','00000000-0000-0000-0005-000000000007',7,'timing_point',8,8,8),
('2bd11151-33f6-4c10-a11f-133dca7bb95f','00000000-0000-0000-0000-000000000023','00000000-0000-0000-0005-000000000008',8,'timing_point',9,9,9),
('8f52457c-b88f-4428-aa47-c4fee59cdf2d','00000000-0000-0000-0000-000000000023','00000000-0000-0000-0005-000000000009',9,'timing_point',9,9,9),
('5b8955af-63b4-4514-8306-3c2d89f4450e','00000000-0000-0000-0000-000000000023','00000000-0000-0000-0005-000000000010',10,'timing_point',10,10,10),
('ce495cbe-fcbe-4ac3-a02b-5d5c0fa3f7e4','00000000-0000-0000-0000-000000000023','00000000-0000-0000-0005-000000000011',11,'timing_point',10,10,10),
('e928c20c-4e9c-4723-b418-67b6e5e5e73d','00000000-0000-0000-0000-000000000023','00000000-0000-0000-0005-000000000012',12,'timing_point',12,12,12),
('bd9a66ca-6509-4689-ae89-3826567b2c3d','00000000-0000-0000-0000-000000000023','00000000-0000-0000-0005-000000000013',13,'timing_point',14,14,14),
('d506d89f-b1cd-4692-bcac-cf01aa0203f9','00000000-0000-0000-0000-000000000023','00000000-0000-0000-0005-000000000014',14,'timing_point',17,17,17),
('b54669ad-600b-4cc5-a885-40c36e4576f2','00000000-0000-0000-0000-000000000023','00000000-0000-0000-0005-000000000015',15,'timing_point',19,19,19),
('7bab021d-8bde-4ae2-890d-e6325e0dc92e','00000000-0000-0000-0000-000000000023','00000000-0000-0000-0005-000000000016',16,'timing_point',20,20,20),
('bf515578-56c1-440b-ae08-0fe50e449803','00000000-0000-0000-0000-000000000023','00000000-0000-0000-0005-000000000017',17,'timing_point',22,22,22),
('661aed9a-8ecc-47f6-8fd0-543d16139d48','00000000-0000-0000-0000-000000000023','00000000-0000-0000-0005-000000000018',18,'timing_point',24,24,24),
('1dd8acd6-a6a8-4fd7-a486-4b01573f09f1','00000000-0000-0000-0000-000000000023','00000000-0000-0000-0005-000000000019',19,'timing_point',29,29,29),
('62724837-05d7-4e3e-91cf-029c7c9cee0f','00000000-0000-0000-0000-000000000023','00000000-0000-0000-0005-000000000020',20,'timing_point',29,29,29),
('6949e83f-c736-4072-a5aa-610a247e9d19','00000000-0000-0000-0000-000000000023','00000000-0000-0000-0005-000000000021',21,'timing_point',30,30,30),
('ed4843c7-4592-493e-a23c-92e2fd3099a0','00000000-0000-0000-0000-000000000023','00000000-0000-0000-0005-000000000022',22,'timing_point',30,30,30),
('7bbc66c9-a5b1-4ef7-ae81-71d9a148e816','00000000-0000-0000-0000-000000000023','00000000-0000-0000-0005-000000000023',23,'timing_point',31,31,31),
('ac618a22-041f-4081-966c-0eba91735ff2','00000000-0000-0000-0000-000000000023','00000000-0000-0000-0005-000000000024',24,'timing_point',32,32,32),
('cc89feae-3029-4f5e-9c50-d312464d1d88','00000000-0000-0000-0000-000000000023','00000000-0000-0000-0005-000000000025',25,'timing_point',38,38,38),
('c014cce9-77c6-49ac-a012-52e31981dba8','00000000-0000-0000-0000-000000000023','00000000-0000-0000-0005-000000000026',26,'timing_point',39,39,39),
('8dee7d4c-89f0-44a9-8789-759893e2aad1','00000000-0000-0000-0000-000000000023','00000000-0000-0000-0005-000000000027',27,'timing_point',40,40,40),
('a28d661e-a582-4e16-b70b-4c365c8e00fc','00000000-0000-0000-0000-000000000023','00000000-0000-0000-0005-000000000028',28,'timing_point',41,41,41),
('1322c993-94f6-4ba4-b2bb-48dc77f993f9','00000000-0000-0000-0000-000000000023','00000000-0000-0000-0005-000000000029',29,'timing_point',42,42,42),
('5e09c230-6cd8-4c56-846c-368e375f0744','00000000-0000-0000-0000-000000000023','00000000-0000-0000-0004-000000000001',30,'timing_point',45,45,45),
-- Route 20617 Outbound (Stickney to Kirton)
('e9403859-f5cb-4e24-8d72-eb35bba7e156','0fb9bc60-f7cc-4bb4-b75c-d84c605c204a','009851c7-89fc-48df-95bb-0dd3d7bc389b',1,'timing_point',0,null,null),
('3725abef-24ec-4875-9077-b5d8b9f5c043','0fb9bc60-f7cc-4bb4-b75c-d84c605c204a','1bf33e28-7643-4929-9997-f35e384f0ac9',2,'timing_point',10,null,null),
('59348fe9-3f80-4dcf-bf15-82958fd8a82b','0fb9bc60-f7cc-4bb4-b75c-d84c605c204a','c0800b21-324c-4a7c-a2bf-4ab010f1d1a1',3,'timing_point',13,null,null),
('f9579212-9278-441d-a344-6bf6fabe9d0d','0fb9bc60-f7cc-4bb4-b75c-d84c605c204a','00000000-0000-0000-0005-000000000024',4,'timing_point',14,null,null),
('7de839f3-a214-4bf3-b6d8-b746cde71184','0fb9bc60-f7cc-4bb4-b75c-d84c605c204a','00000000-0000-0000-0005-000000000023',5,'routing_point',null,null,null),
('5c5fdc88-a97b-4de6-857b-2b7dbaa44a1c','0fb9bc60-f7cc-4bb4-b75c-d84c605c204a','00000000-0000-0000-0005-000000000019',6,'timing_point',18,null,null),
-- Route 20617 Inbound (Kirton to Stickney)
('5081f940-a4f5-45c2-a37f-dd401c409fee','337b9165-142d-427c-8b1c-25653e5befe6','00000000-0000-0000-0005-000000000019',1,'timing_point',0,null,null),
('63b27015-8a88-4ff1-b1a9-c5475821519a','337b9165-142d-427c-8b1c-25653e5befe6','00000000-0000-0000-0005-000000000023',2,'routing_point',null,null,null),
('c1b0e165-5943-4345-99d8-65fc50db88f1','337b9165-142d-427c-8b1c-25653e5befe6','00000000-0000-0000-0005-000000000024',3,'timing_point',4,null,null),
('cbc9394d-4096-4048-805e-60b60e13b9f5','337b9165-142d-427c-8b1c-25653e5befe6','c0800b21-324c-4a7c-a2bf-4ab010f1d1a1',4,'timing_point',5,null,null),
('2e9ac688-f86e-4e4c-a0f3-0e9c9531d4ca','337b9165-142d-427c-8b1c-25653e5befe6','1bf33e28-7643-4929-9997-f35e384f0ac9',5,'timing_point',16,null,null),
('06528372-5781-4fae-9a27-d269c633fae5','337b9165-142d-427c-8b1c-25653e5befe6','009851c7-89fc-48df-95bb-0dd3d7bc389b',6,'timing_point',41,null,null);
