-- RouteTracker seed data
-- Run this AFTER schema.sql in the Supabase SQL editor

-- ── Company ───────────────────────────────────────────────────────────────────

insert into companies (id, name) values
  ('00000000-0000-0000-0000-000000000001', 'Phil Haines Coaches');

-- ── Routes ────────────────────────────────────────────────────────────────────

insert into routes (id, company_id, service_code, name) values
  ('00000000-0000-0000-0000-000000000010', '00000000-0000-0000-0000-000000000001', 'S125S', 'Weston to Boston College'),
  ('00000000-0000-0000-0000-000000000011', '00000000-0000-0000-0000-000000000001', 'S116S', 'Boston to Donington');

-- ── Timetables ────────────────────────────────────────────────────────────────

insert into timetables (id, route_id, period) values
  ('00000000-0000-0000-0000-000000000020', '00000000-0000-0000-0000-000000000010', 'am'), -- S125S AM
  ('00000000-0000-0000-0000-000000000021', '00000000-0000-0000-0000-000000000010', 'pm'), -- S125S PM
  ('00000000-0000-0000-0000-000000000022', '00000000-0000-0000-0000-000000000011', 'am'), -- S116S AM
  ('00000000-0000-0000-0000-000000000023', '00000000-0000-0000-0000-000000000011', 'pm'); -- S116S PM

-- ── S125S AM stops ────────────────────────────────────────────────────────────

insert into timetable_stops (timetable_id, sequence, name, lat, lon, scheduled_time) values
  ('00000000-0000-0000-0000-000000000020',  1, 'Weston, adj The Chequers PH',              52.807997, -0.083951, '07:27'),
  ('00000000-0000-0000-0000-000000000020',  2, 'Weston, opp Delgate Bank',                  52.807162, -0.074017, '07:28'),
  ('00000000-0000-0000-0000-000000000020',  3, 'Moulton, opp Bell Lane',                    52.805379, -0.065016, '07:30'),
  ('00000000-0000-0000-0000-000000000020',  4, 'Moulton, adj River Lane',                   52.804524, -0.057221, '07:31'),
  ('00000000-0000-0000-0000-000000000020',  5, 'Whaplode, opp St Mary''s Gardens',           52.800272, -0.041953, '07:34'),
  ('00000000-0000-0000-0000-000000000020',  6, 'Whaplode, adj Darjeeling Restaurant',       52.800214, -0.036289, '07:35'),
  ('00000000-0000-0000-0000-000000000020',  7, 'Whaplode, opp Middle Road',                 52.800127, -0.032125, '07:35'),
  ('00000000-0000-0000-0000-000000000020',  8, 'Whaplode, adj Stockwell Gate',              52.801040, -0.026476, '07:36'),
  ('00000000-0000-0000-0000-000000000020',  9, 'Holbeach, opp Wignals Gate',                52.803429, -0.011770, '07:36'),
  ('00000000-0000-0000-0000-000000000020', 10, 'Holbeach, opp Netherfield',                 52.804283, -0.001034, '07:37'),
  ('00000000-0000-0000-0000-000000000020', 11, 'Holbeach, adj Fairfields',                  52.804876,  0.005373, '07:40'),
  ('00000000-0000-0000-0000-000000000020', 12, 'Holbeach, opp Stukeley Hall Drive',         52.804720,  0.009816, '07:41'),
  ('00000000-0000-0000-0000-000000000020', 13, 'Holbeach, opp Interchange Shelter',         52.803419,  0.018658, '07:43'),
  ('00000000-0000-0000-0000-000000000020', 14, 'Holbeach, opp Damgate',                     52.803826,  0.023765, '07:43'),
  ('00000000-0000-0000-0000-000000000020', 15, 'Holbeach, adj Rowan Close',                 52.803854,  0.031629, '07:50'),
  ('00000000-0000-0000-0000-000000000020', 16, 'Fleet Road (opp)',                          52.805217,  0.052731, '07:51'),
  ('00000000-0000-0000-0000-000000000020', 17, 'Fleet Hargate, adj Winslow Gate',           52.804581,  0.058324, '07:52'),
  ('00000000-0000-0000-0000-000000000020', 18, 'Fleet Hargate, opp Proctors Close',         52.804406,  0.062188, '07:53'),
  ('00000000-0000-0000-0000-000000000020', 19, 'Holbeach Cackle Hill, opp 188 Boston Road', 52.818340,  0.002431, '08:00'),
  ('00000000-0000-0000-0000-000000000020', 20, 'New Saracen''s Head PH (adj)',               52.824392, -0.012074, '08:03'),
  ('00000000-0000-0000-0000-000000000020', 21, 'Fosdyke, adj Village Hall',                 52.880265, -0.045871, '08:10'),
  ('00000000-0000-0000-0000-000000000020', 22, 'Fosdyke, opp All Saint''s Church',           52.880896, -0.047091, '08:10'),
  ('00000000-0000-0000-0000-000000000020', 23, 'Boston College (adj)',                      52.972156, -0.018524, '08:40');

-- ── S125S PM stops ────────────────────────────────────────────────────────────

insert into timetable_stops (timetable_id, sequence, name, lat, lon, scheduled_time) values
  ('00000000-0000-0000-0000-000000000021',  1, 'Boston College Car Park (in)',              52.972644, -0.018537, '16:50'),
  ('00000000-0000-0000-0000-000000000021',  2, 'Fosdyke, adj All Saint''s Church',           52.880978, -0.047132, '17:05'),
  ('00000000-0000-0000-0000-000000000021',  3, 'Fosdyke, opp Village Hall',                 52.880436, -0.045893, '17:09'),
  ('00000000-0000-0000-0000-000000000021',  4, 'New Saracen''s Head PH (opp)',               52.824361, -0.011838, '17:16'),
  ('00000000-0000-0000-0000-000000000021',  5, 'Holbeach Cackle Hill, adj 188 Boston Road', 52.818263,  0.002724, '17:19'),
  ('00000000-0000-0000-0000-000000000021',  6, 'Fleet Hargate, adj Proctors Close',         52.804280,  0.062167, '17:26'),
  ('00000000-0000-0000-0000-000000000021',  7, 'Fleet Hargate, opp Winslow Gate',           52.804457,  0.058214, '17:26'),
  ('00000000-0000-0000-0000-000000000021',  8, 'Fleet Road (adj)',                          52.805131,  0.052994, '17:28'),
  ('00000000-0000-0000-0000-000000000021',  9, 'Holbeach, opp Rowan Close',                 52.803711,  0.031578, '17:29'),
  ('00000000-0000-0000-0000-000000000021', 10, 'Holbeach, adj Damgate',                     52.803616,  0.023429, '17:30'),
  ('00000000-0000-0000-0000-000000000021', 11, 'Holbeach, adj Interchange Shelter',         52.803333,  0.018431, '17:31'),
  ('00000000-0000-0000-0000-000000000021', 12, 'Holbeach, adj Stukeley Hall Drive',         52.804498,  0.010192, '17:33'),
  ('00000000-0000-0000-0000-000000000021', 13, 'Holbeach, opp Fairfields',                  52.804733,  0.005292, '17:35'),
  ('00000000-0000-0000-0000-000000000021', 14, 'Holbeach, adj Netherfield',                 52.804253, -0.000308, '17:35'),
  ('00000000-0000-0000-0000-000000000021', 15, 'Holbeach, adj Wignals Gate',                52.803359, -0.011313, '17:36'),
  ('00000000-0000-0000-0000-000000000021', 16, 'Whaplode, opp Stockwell Gate',              52.801387, -0.024606, '17:37'),
  ('00000000-0000-0000-0000-000000000021', 17, 'Whaplode, adj Middle Road',                 52.799970, -0.031331, '17:37'),
  ('00000000-0000-0000-0000-000000000021', 18, 'Whaplode, opp Darjeeling Restaurant',       52.800097, -0.036546, '17:39'),
  ('00000000-0000-0000-0000-000000000021', 19, 'Whaplode, adj St Mary''s Gardens',           52.800141, -0.041662, '17:40'),
  ('00000000-0000-0000-0000-000000000021', 20, 'Moulton, opp River Lane',                   52.804244, -0.056610, '17:41'),
  ('00000000-0000-0000-0000-000000000021', 21, 'Moulton, adj Bell Lane',                    52.805291, -0.064546, '17:42'),
  ('00000000-0000-0000-0000-000000000021', 22, 'Weston, adj Delgate Bank',                  52.807251, -0.075082, '17:43'),
  ('00000000-0000-0000-0000-000000000021', 23, 'Weston, opp The Chequers PH',               52.807997, -0.083951, '17:45');

-- ── S116S AM stops ────────────────────────────────────────────────────────────

insert into timetable_stops (timetable_id, sequence, name, lat, lon, scheduled_time) values
  ('00000000-0000-0000-0000-000000000022',  1, 'Boston Bus Station (Bay 8)',                  52.976687, -0.029339, '07:40'),
  ('00000000-0000-0000-0000-000000000022',  2, 'Boston, adj The Minstrels',                   52.976840, -0.042440, '07:43'),
  ('00000000-0000-0000-0000-000000000022',  3, 'Boston, opp Rosebery Avenue',                 52.975334, -0.048138, '07:44'),
  ('00000000-0000-0000-0000-000000000022',  4, 'Boston, opp Footpath to Arundel Crescent',    52.974449, -0.051216, '07:44'),
  ('00000000-0000-0000-0000-000000000022',  5, 'Boston Wyberton High Bridge (SW-bound)',      52.972652, -0.057314, '07:45'),
  ('00000000-0000-0000-0000-000000000022',  6, 'Boston, opp Oldrids',                         52.970495, -0.058468, '07:46'),
  ('00000000-0000-0000-0000-000000000022',  7, 'Wyberton, opp Pincushion Inn',                52.952315, -0.043071, '07:53'),
  ('00000000-0000-0000-0000-000000000022',  8, 'Wyberton, opp Ralphs Lane',                   52.949823, -0.046265, '07:53'),
  ('00000000-0000-0000-0000-000000000022',  9, 'Frampton, adj Millfield Lane West',           52.947574, -0.048911, '07:54'),
  ('00000000-0000-0000-0000-000000000022', 10, 'Frampton, adj Middlegate Road',               52.936887, -0.057860, '07:55'),
  ('00000000-0000-0000-0000-000000000022', 11, 'Kirton, opp Woodlands Court',                 52.932258, -0.058483, '07:57'),
  ('00000000-0000-0000-0000-000000000022', 12, 'Kirton, adj War Memorial',                    52.928605, -0.058305, '07:58'),
  ('00000000-0000-0000-0000-000000000022', 13, 'Kirton End Post Office (NW-bound)',           52.942522, -0.080423, '08:03'),
  ('00000000-0000-0000-0000-000000000022', 14, 'Blackjack Crossroads (N-bound)',              52.939293, -0.124779, '08:05'),
  ('00000000-0000-0000-0000-000000000022', 15, 'Swineshead, adj Fenhouses Lane',              52.946015, -0.127451, '08:07'),
  ('00000000-0000-0000-0000-000000000022', 16, 'Kirton Holme, adj Fenhouses Drove',           52.958665, -0.133217, '08:08'),
  ('00000000-0000-0000-0000-000000000022', 17, 'Baythorpe, opp Hardwick Plot Lane',           52.957289, -0.146973, '08:10'),
  ('00000000-0000-0000-0000-000000000022', 18, 'Swineshead, opp Golden Cross PH',             52.955383, -0.169013, '08:13'),
  ('00000000-0000-0000-0000-000000000022', 19, 'Swineshead, adj Tarry Hill',                  52.953391, -0.166313, '08:15'),
  ('00000000-0000-0000-0000-000000000022', 20, 'Swineshead, opp Cole''s Lane',                52.949887, -0.162427, '08:15'),
  ('00000000-0000-0000-0000-000000000022', 21, 'Swineshead, adj King John''s Road',           52.947266, -0.160961, '08:16'),
  ('00000000-0000-0000-0000-000000000022', 22, 'Swineshead, opp St Mary''s Church',           52.945254, -0.159305, '08:17'),
  ('00000000-0000-0000-0000-000000000022', 23, 'Swineshead, adj Bullens Lane',                52.941771, -0.157310, '08:17'),
  ('00000000-0000-0000-0000-000000000022', 24, 'Swineshead, adj High Green',                  52.936049, -0.154160, '08:18'),
  ('00000000-0000-0000-0000-000000000022', 25, 'Swineshead, adj Bentley''s Garage',           52.933410, -0.153900, '08:18'),
  ('00000000-0000-0000-0000-000000000022', 26, 'Bicker Bar Hotel (opp)',                      52.931014, -0.157067, '08:19'),
  ('00000000-0000-0000-0000-000000000022', 27, 'Northorpe, adj Browntoft Lane',               52.911188, -0.194405, '08:21'),
  ('00000000-0000-0000-0000-000000000022', 28, 'Northorpe, adj Church Street',                52.908128, -0.203648, '08:22'),
  ('00000000-0000-0000-0000-000000000022', 29, 'Donington, adj Market Place',                 52.905188, -0.204290, '08:24'),
  ('00000000-0000-0000-0000-000000000022', 30, 'Donington, o/s Cowley Secondary School',      52.904789, -0.198715, '08:25');

-- ── S116S PM stops ────────────────────────────────────────────────────────────

insert into timetable_stops (timetable_id, sequence, name, lat, lon, scheduled_time) values
  ('00000000-0000-0000-0000-000000000023',  1, 'Donington, o/s Cowley Secondary School',      52.904789, -0.198715, '15:23'),
  ('00000000-0000-0000-0000-000000000023',  2, 'Donington, opp Market Place',                 52.904987, -0.204655, '15:24'),
  ('00000000-0000-0000-0000-000000000023',  3, 'Northorpe, opp Church Street',                52.908371, -0.203073, '15:27'),
  ('00000000-0000-0000-0000-000000000023',  4, 'Northorpe, opp Browntoft Lane',               52.911166, -0.194763, '15:28'),
  ('00000000-0000-0000-0000-000000000023',  5, 'Bicker Bar Hotel (adj)',                      52.931010, -0.157380, '15:30'),
  ('00000000-0000-0000-0000-000000000023',  6, 'Swineshead, opp Bentley''s Garage',           52.933377, -0.154095, '15:31'),
  ('00000000-0000-0000-0000-000000000023',  7, 'Swineshead, opp High Green',                  52.935989, -0.154401, '15:31'),
  ('00000000-0000-0000-0000-000000000023',  8, 'Swineshead, opp Bullens Lane',                52.941584, -0.157422, '15:32'),
  ('00000000-0000-0000-0000-000000000023',  9, 'Swineshead, adj St Mary''s Church',           52.944598, -0.159318, '15:32'),
  ('00000000-0000-0000-0000-000000000023', 10, 'Swineshead, opp King John''s Road',           52.947342, -0.161226, '15:33'),
  ('00000000-0000-0000-0000-000000000023', 11, 'Swineshead, adj Cole''s Lane',                52.949551, -0.162159, '15:33'),
  ('00000000-0000-0000-0000-000000000023', 12, 'Swineshead, opp Tarry Hill',                  52.951651, -0.164883, '15:35'),
  ('00000000-0000-0000-0000-000000000023', 13, 'Swineshead, o/s Golden Cross PH',             52.955439, -0.169144, '15:37'),
  ('00000000-0000-0000-0000-000000000023', 14, 'Baythorpe, adj Hardwick Plot Lane',           52.957341, -0.146837, '15:40'),
  ('00000000-0000-0000-0000-000000000023', 15, 'Kirton Holme, opp Fenhouses Drove',           52.958810, -0.133255, '15:42'),
  ('00000000-0000-0000-0000-000000000023', 16, 'Swineshead, opp Fenhouses Lane',              52.946040, -0.127316, '15:43'),
  ('00000000-0000-0000-0000-000000000023', 17, 'Blackjack Crossroads (S-bound)',              52.939308, -0.124615, '15:45'),
  ('00000000-0000-0000-0000-000000000023', 18, 'Kirton End Post Office (SW-bound)',           52.942661, -0.080104, '15:47'),
  ('00000000-0000-0000-0000-000000000023', 19, 'Kirton, opp War Memorial',                    52.928970, -0.058095, '15:52'),
  ('00000000-0000-0000-0000-000000000023', 20, 'Kirton, adj Woodlands Court',                 52.932162, -0.058681, '15:52'),
  ('00000000-0000-0000-0000-000000000023', 21, 'Frampton, opp Middlegate Road',               52.937541, -0.057696, '15:53'),
  ('00000000-0000-0000-0000-000000000023', 22, 'Frampton, opp Millfield Lane West',           52.947447, -0.049349, '15:53'),
  ('00000000-0000-0000-0000-000000000023', 23, 'Wyberton, adj Ralphs Lane',                   52.950092, -0.046223, '15:54'),
  ('00000000-0000-0000-0000-000000000023', 24, 'Wyberton, adj Pincushion Inn',                52.951864, -0.044044, '15:55'),
  ('00000000-0000-0000-0000-000000000023', 25, 'Boston, adj Oldrids',                         52.970562, -0.058703, '16:01'),
  ('00000000-0000-0000-0000-000000000023', 26, 'Boston Wyberton High Bridge (NE-bound)',      52.972934, -0.056959, '16:02'),
  ('00000000-0000-0000-0000-000000000023', 27, 'Boston, adj Footpath to Arundel Crescent',   52.974626, -0.051014, '16:03'),
  ('00000000-0000-0000-0000-000000000023', 28, 'Boston, adj Rosebery Avenue',                 52.975425, -0.048208, '16:04'),
  ('00000000-0000-0000-0000-000000000023', 29, 'Boston, opp The Minstrels',                   52.977000, -0.042328, '16:05'),
  ('00000000-0000-0000-0000-000000000023', 30, 'Boston Bus Station (Bay 8)',                  52.976687, -0.029339, '16:08');
