-- ============================================================
-- RouteTracker v2  —  Seed data
-- Run AFTER schema.sql in the Supabase SQL editor
-- ============================================================
--
-- Stop UUID prefix guide:
--   0001-xxxx  depot
--   0002-xxxx  S125S Morning Outbound stops
--   0003-xxxx  S125S Afternoon Inbound stops
--   0004-xxxx  S116S Morning Outbound stops (incl. 2 shared with PM)
--   0005-xxxx  S116S Afternoon Inbound stops (new stops only, seq 2–29)
--
-- Shared stops (appear in both S116S timetables):
--   0004-…0001  Boston Bus Station (Bay 8)   — AM seq 1,  PM seq 30
--   0004-…0030  Donington, o/s Cowley School  — AM seq 30, PM seq 1
-- ============================================================


-- ── Company ───────────────────────────────────────────────────────────────────

insert into companies (id, name, trading_name, operator_licence_number, traffic_area, status) values
  ('00000000-0000-0000-0000-000000000001',
   'Phil Haines Coaches',
   'Phil Haines Coaches',
   'OD0000001',       -- placeholder: replace with actual PSV licence number
   'East Midlands',
   'active');


-- ── Routes ────────────────────────────────────────────────────────────────────

insert into routes (id, company_id, service_code, name, journey_type) values
  ('00000000-0000-0000-0000-000000000010',
   '00000000-0000-0000-0000-000000000001',
   'S125S', 'Weston to Boston College', 'Contract Schools'),
  ('00000000-0000-0000-0000-000000000011',
   '00000000-0000-0000-0000-000000000001',
   'S116S', 'Boston to Donington', 'Contract Schools');


-- ── Timetables ────────────────────────────────────────────────────────────────

insert into timetables (id, route_id, period, direction) values
  ('00000000-0000-0000-0000-000000000020', '00000000-0000-0000-0000-000000000010', 'Morning',   'Outbound'),  -- S125S AM
  ('00000000-0000-0000-0000-000000000021', '00000000-0000-0000-0000-000000000010', 'Afternoon', 'Inbound'),   -- S125S PM
  ('00000000-0000-0000-0000-000000000022', '00000000-0000-0000-0000-000000000011', 'Morning',   'Outbound'),  -- S116S AM
  ('00000000-0000-0000-0000-000000000023', '00000000-0000-0000-0000-000000000011', 'Afternoon', 'Inbound');   -- S116S PM


-- ── Stops ─────────────────────────────────────────────────────────────────────

-- Depot
insert into stops (id, name, lat, lon, is_depot) values
  ('00000000-0000-0000-0001-000000000000', 'Phil Haines Coaches Depot', 52.950412, -0.050110, true);

-- S125S Morning Outbound stops (seq 1–23)
insert into stops (id, name, lat, lon) values
  ('00000000-0000-0000-0002-000000000001', 'Weston, adj The Chequers PH',               52.807997, -0.083951),
  ('00000000-0000-0000-0002-000000000002', 'Weston, opp Delgate Bank',                   52.807162, -0.074017),
  ('00000000-0000-0000-0002-000000000003', 'Moulton, opp Bell Lane',                     52.805379, -0.065016),
  ('00000000-0000-0000-0002-000000000004', 'Moulton, adj River Lane',                    52.804524, -0.057221),
  ('00000000-0000-0000-0002-000000000005', 'Whaplode, opp St Mary''s Gardens',            52.800272, -0.041953),
  ('00000000-0000-0000-0002-000000000006', 'Whaplode, adj Darjeeling Restaurant',        52.800214, -0.036289),
  ('00000000-0000-0000-0002-000000000007', 'Whaplode, opp Middle Road',                  52.800127, -0.032125),
  ('00000000-0000-0000-0002-000000000008', 'Whaplode, adj Stockwell Gate',               52.801040, -0.026476),
  ('00000000-0000-0000-0002-000000000009', 'Holbeach, opp Wignals Gate',                 52.803429, -0.011770),
  ('00000000-0000-0000-0002-000000000010', 'Holbeach, opp Netherfield',                  52.804283, -0.001034),
  ('00000000-0000-0000-0002-000000000011', 'Holbeach, adj Fairfields',                   52.804876,  0.005373),
  ('00000000-0000-0000-0002-000000000012', 'Holbeach, opp Stukeley Hall Drive',          52.804720,  0.009816),
  ('00000000-0000-0000-0002-000000000013', 'Holbeach, opp Interchange Shelter',          52.803419,  0.018658),
  ('00000000-0000-0000-0002-000000000014', 'Holbeach, opp Damgate',                      52.803826,  0.023765),
  ('00000000-0000-0000-0002-000000000015', 'Holbeach, adj Rowan Close',                  52.803854,  0.031629),
  ('00000000-0000-0000-0002-000000000016', 'Fleet Road (opp)',                           52.805217,  0.052731),
  ('00000000-0000-0000-0002-000000000017', 'Fleet Hargate, adj Winslow Gate',            52.804581,  0.058324),
  ('00000000-0000-0000-0002-000000000018', 'Fleet Hargate, opp Proctors Close',          52.804406,  0.062188),
  ('00000000-0000-0000-0002-000000000019', 'Holbeach Cackle Hill, opp 188 Boston Road',  52.818340,  0.002431),
  ('00000000-0000-0000-0002-000000000020', 'New Saracen''s Head PH (adj)',                52.824392, -0.012074),
  ('00000000-0000-0000-0002-000000000021', 'Fosdyke, adj Village Hall',                  52.880265, -0.045871),
  ('00000000-0000-0000-0002-000000000022', 'Fosdyke, opp All Saint''s Church',            52.880896, -0.047091),
  ('00000000-0000-0000-0002-000000000023', 'Boston College (adj)',                       52.972156, -0.018524);

-- S125S Afternoon Inbound stops (seq 1–23)
insert into stops (id, name, lat, lon) values
  ('00000000-0000-0000-0003-000000000001', 'Boston College Car Park (in)',               52.972644, -0.018537),
  ('00000000-0000-0000-0003-000000000002', 'Fosdyke, adj All Saint''s Church',            52.880978, -0.047132),
  ('00000000-0000-0000-0003-000000000003', 'Fosdyke, opp Village Hall',                  52.880436, -0.045893),
  ('00000000-0000-0000-0003-000000000004', 'New Saracen''s Head PH (opp)',                52.824361, -0.011838),
  ('00000000-0000-0000-0003-000000000005', 'Holbeach Cackle Hill, adj 188 Boston Road',  52.818263,  0.002724),
  ('00000000-0000-0000-0003-000000000006', 'Fleet Hargate, adj Proctors Close',          52.804280,  0.062167),
  ('00000000-0000-0000-0003-000000000007', 'Fleet Hargate, opp Winslow Gate',            52.804457,  0.058214),
  ('00000000-0000-0000-0003-000000000008', 'Fleet Road (adj)',                           52.805131,  0.052994),
  ('00000000-0000-0000-0003-000000000009', 'Holbeach, opp Rowan Close',                  52.803711,  0.031578),
  ('00000000-0000-0000-0003-000000000010', 'Holbeach, adj Damgate',                      52.803616,  0.023429),
  ('00000000-0000-0000-0003-000000000011', 'Holbeach, adj Interchange Shelter',          52.803333,  0.018431),
  ('00000000-0000-0000-0003-000000000012', 'Holbeach, adj Stukeley Hall Drive',          52.804498,  0.010192),
  ('00000000-0000-0000-0003-000000000013', 'Holbeach, opp Fairfields',                   52.804733,  0.005292),
  ('00000000-0000-0000-0003-000000000014', 'Holbeach, adj Netherfield',                  52.804253, -0.000308),
  ('00000000-0000-0000-0003-000000000015', 'Holbeach, adj Wignals Gate',                 52.803359, -0.011313),
  ('00000000-0000-0000-0003-000000000016', 'Whaplode, opp Stockwell Gate',               52.801387, -0.024606),
  ('00000000-0000-0000-0003-000000000017', 'Whaplode, adj Middle Road',                  52.799970, -0.031331),
  ('00000000-0000-0000-0003-000000000018', 'Whaplode, opp Darjeeling Restaurant',        52.800097, -0.036546),
  ('00000000-0000-0000-0003-000000000019', 'Whaplode, adj St Mary''s Gardens',            52.800141, -0.041662),
  ('00000000-0000-0000-0003-000000000020', 'Moulton, opp River Lane',                    52.804244, -0.056610),
  ('00000000-0000-0000-0003-000000000021', 'Moulton, adj Bell Lane',                     52.805291, -0.064546),
  ('00000000-0000-0000-0003-000000000022', 'Weston, adj Delgate Bank',                   52.807251, -0.075082),
  ('00000000-0000-0000-0003-000000000023', 'Weston, opp The Chequers PH',                52.807997, -0.083951);

-- S116S Morning Outbound stops (seq 1–30)
-- Stops 1 (Boston Bus Station) and 30 (Donington School) are shared with S116S PM
insert into stops (id, name, lat, lon) values
  ('00000000-0000-0000-0004-000000000001', 'Boston Bus Station (Bay 8)',                  52.976687, -0.029339),
  ('00000000-0000-0000-0004-000000000002', 'Boston, adj The Minstrels',                   52.976840, -0.042440),
  ('00000000-0000-0000-0004-000000000003', 'Boston, opp Rosebery Avenue',                 52.975334, -0.048138),
  ('00000000-0000-0000-0004-000000000004', 'Boston, opp Footpath to Arundel Crescent',   52.974449, -0.051216),
  ('00000000-0000-0000-0004-000000000005', 'Boston Wyberton High Bridge (SW-bound)',      52.972652, -0.057314),
  ('00000000-0000-0000-0004-000000000006', 'Boston, opp Oldrids',                         52.970495, -0.058468),
  ('00000000-0000-0000-0004-000000000007', 'Wyberton, opp Pincushion Inn',                52.952315, -0.043071),
  ('00000000-0000-0000-0004-000000000008', 'Wyberton, opp Ralphs Lane',                   52.949823, -0.046265),
  ('00000000-0000-0000-0004-000000000009', 'Frampton, adj Millfield Lane West',           52.947574, -0.048911),
  ('00000000-0000-0000-0004-000000000010', 'Frampton, adj Middlegate Road',               52.936887, -0.057860),
  ('00000000-0000-0000-0004-000000000011', 'Kirton, opp Woodlands Court',                 52.932258, -0.058483),
  ('00000000-0000-0000-0004-000000000012', 'Kirton, adj War Memorial',                    52.928605, -0.058305),
  ('00000000-0000-0000-0004-000000000013', 'Kirton End Post Office (NW-bound)',            52.942522, -0.080423),
  ('00000000-0000-0000-0004-000000000014', 'Blackjack Crossroads (N-bound)',               52.939293, -0.124779),
  ('00000000-0000-0000-0004-000000000015', 'Swineshead, adj Fenhouses Lane',              52.946015, -0.127451),
  ('00000000-0000-0000-0004-000000000016', 'Kirton Holme, adj Fenhouses Drove',           52.958665, -0.133217),
  ('00000000-0000-0000-0004-000000000017', 'Baythorpe, opp Hardwick Plot Lane',           52.957289, -0.146973),
  ('00000000-0000-0000-0004-000000000018', 'Swineshead, opp Golden Cross PH',             52.955383, -0.169013),
  ('00000000-0000-0000-0004-000000000019', 'Swineshead, adj Tarry Hill',                  52.953391, -0.166313),
  ('00000000-0000-0000-0004-000000000020', 'Swineshead, opp Cole''s Lane',                52.949887, -0.162427),
  ('00000000-0000-0000-0004-000000000021', 'Swineshead, adj King John''s Road',           52.947266, -0.160961),
  ('00000000-0000-0000-0004-000000000022', 'Swineshead, opp St Mary''s Church',           52.945254, -0.159305),
  ('00000000-0000-0000-0004-000000000023', 'Swineshead, adj Bullens Lane',                52.941771, -0.157310),
  ('00000000-0000-0000-0004-000000000024', 'Swineshead, adj High Green',                  52.936049, -0.154160),
  ('00000000-0000-0000-0004-000000000025', 'Swineshead, adj Bentley''s Garage',           52.933410, -0.153900),
  ('00000000-0000-0000-0004-000000000026', 'Bicker Bar Hotel (opp)',                      52.931014, -0.157067),
  ('00000000-0000-0000-0004-000000000027', 'Northorpe, adj Browntoft Lane',               52.911188, -0.194405),
  ('00000000-0000-0000-0004-000000000028', 'Northorpe, adj Church Street',                52.908128, -0.203648),
  ('00000000-0000-0000-0004-000000000029', 'Donington, adj Market Place',                 52.905188, -0.204290),
  ('00000000-0000-0000-0004-000000000030', 'Donington, o/s Cowley Secondary School',      52.904789, -0.198715);

-- S116S Afternoon Inbound — new stops only (seq 2–29)
-- seq 1  reuses 0004-…0030 (Donington School)
-- seq 30 reuses 0004-…0001 (Boston Bus Station)
insert into stops (id, name, lat, lon) values
  ('00000000-0000-0000-0005-000000000002', 'Donington, opp Market Place',                52.904987, -0.204655),
  ('00000000-0000-0000-0005-000000000003', 'Northorpe, opp Church Street',               52.908371, -0.203073),
  ('00000000-0000-0000-0005-000000000004', 'Northorpe, opp Browntoft Lane',              52.911166, -0.194763),
  ('00000000-0000-0000-0005-000000000005', 'Bicker Bar Hotel (adj)',                     52.931010, -0.157380),
  ('00000000-0000-0000-0005-000000000006', 'Swineshead, opp Bentley''s Garage',          52.933377, -0.154095),
  ('00000000-0000-0000-0005-000000000007', 'Swineshead, opp High Green',                 52.935989, -0.154401),
  ('00000000-0000-0000-0005-000000000008', 'Swineshead, opp Bullens Lane',               52.941584, -0.157422),
  ('00000000-0000-0000-0005-000000000009', 'Swineshead, adj St Mary''s Church',          52.944598, -0.159318),
  ('00000000-0000-0000-0005-000000000010', 'Swineshead, opp King John''s Road',          52.947342, -0.161226),
  ('00000000-0000-0000-0005-000000000011', 'Swineshead, adj Cole''s Lane',               52.949551, -0.162159),
  ('00000000-0000-0000-0005-000000000012', 'Swineshead, opp Tarry Hill',                 52.951651, -0.164883),
  ('00000000-0000-0000-0005-000000000013', 'Swineshead, o/s Golden Cross PH',            52.955439, -0.169144),
  ('00000000-0000-0000-0005-000000000014', 'Baythorpe, adj Hardwick Plot Lane',          52.957341, -0.146837),
  ('00000000-0000-0000-0005-000000000015', 'Kirton Holme, opp Fenhouses Drove',          52.958810, -0.133255),
  ('00000000-0000-0000-0005-000000000016', 'Swineshead, opp Fenhouses Lane',             52.946040, -0.127316),
  ('00000000-0000-0000-0005-000000000017', 'Blackjack Crossroads (S-bound)',              52.939308, -0.124615),
  ('00000000-0000-0000-0005-000000000018', 'Kirton End Post Office (SW-bound)',           52.942661, -0.080104),
  ('00000000-0000-0000-0005-000000000019', 'Kirton, opp War Memorial',                   52.928970, -0.058095),
  ('00000000-0000-0000-0005-000000000020', 'Kirton, adj Woodlands Court',                52.932162, -0.058681),
  ('00000000-0000-0000-0005-000000000021', 'Frampton, opp Middlegate Road',              52.937541, -0.057696),
  ('00000000-0000-0000-0005-000000000022', 'Frampton, opp Millfield Lane West',          52.947447, -0.049349),
  ('00000000-0000-0000-0005-000000000023', 'Wyberton, adj Ralphs Lane',                  52.950092, -0.046223),
  ('00000000-0000-0000-0005-000000000024', 'Wyberton, adj Pincushion Inn',               52.951864, -0.044044),
  ('00000000-0000-0000-0005-000000000025', 'Boston, adj Oldrids',                        52.970562, -0.058703),
  ('00000000-0000-0000-0005-000000000026', 'Boston Wyberton High Bridge (NE-bound)',     52.972934, -0.056959),
  ('00000000-0000-0000-0005-000000000027', 'Boston, adj Footpath to Arundel Crescent',  52.974626, -0.051014),
  ('00000000-0000-0000-0005-000000000028', 'Boston, adj Rosebery Avenue',                52.975425, -0.048208),
  ('00000000-0000-0000-0005-000000000029', 'Boston, opp The Minstrels',                  52.977000, -0.042328);


-- ── Timetable stops ───────────────────────────────────────────────────────────
-- All stops default to timing_point.
-- Add routing_point entries via the dashboard as needed.

-- S125S Morning Outbound
insert into timetable_stops (timetable_id, stop_id, sequence, stop_type, scheduled_time) values
  ('00000000-0000-0000-0000-000000000020', '00000000-0000-0000-0002-000000000001',  1, 'timing_point', '07:27'),
  ('00000000-0000-0000-0000-000000000020', '00000000-0000-0000-0002-000000000002',  2, 'timing_point', '07:28'),
  ('00000000-0000-0000-0000-000000000020', '00000000-0000-0000-0002-000000000003',  3, 'timing_point', '07:30'),
  ('00000000-0000-0000-0000-000000000020', '00000000-0000-0000-0002-000000000004',  4, 'timing_point', '07:31'),
  ('00000000-0000-0000-0000-000000000020', '00000000-0000-0000-0002-000000000005',  5, 'timing_point', '07:34'),
  ('00000000-0000-0000-0000-000000000020', '00000000-0000-0000-0002-000000000006',  6, 'timing_point', '07:35'),
  ('00000000-0000-0000-0000-000000000020', '00000000-0000-0000-0002-000000000007',  7, 'timing_point', '07:35'),
  ('00000000-0000-0000-0000-000000000020', '00000000-0000-0000-0002-000000000008',  8, 'timing_point', '07:36'),
  ('00000000-0000-0000-0000-000000000020', '00000000-0000-0000-0002-000000000009',  9, 'timing_point', '07:36'),
  ('00000000-0000-0000-0000-000000000020', '00000000-0000-0000-0002-000000000010', 10, 'timing_point', '07:37'),
  ('00000000-0000-0000-0000-000000000020', '00000000-0000-0000-0002-000000000011', 11, 'timing_point', '07:40'),
  ('00000000-0000-0000-0000-000000000020', '00000000-0000-0000-0002-000000000012', 12, 'timing_point', '07:41'),
  ('00000000-0000-0000-0000-000000000020', '00000000-0000-0000-0002-000000000013', 13, 'timing_point', '07:43'),
  ('00000000-0000-0000-0000-000000000020', '00000000-0000-0000-0002-000000000014', 14, 'timing_point', '07:43'),
  ('00000000-0000-0000-0000-000000000020', '00000000-0000-0000-0002-000000000015', 15, 'timing_point', '07:50'),
  ('00000000-0000-0000-0000-000000000020', '00000000-0000-0000-0002-000000000016', 16, 'timing_point', '07:51'),
  ('00000000-0000-0000-0000-000000000020', '00000000-0000-0000-0002-000000000017', 17, 'timing_point', '07:52'),
  ('00000000-0000-0000-0000-000000000020', '00000000-0000-0000-0002-000000000018', 18, 'timing_point', '07:53'),
  ('00000000-0000-0000-0000-000000000020', '00000000-0000-0000-0002-000000000019', 19, 'timing_point', '08:00'),
  ('00000000-0000-0000-0000-000000000020', '00000000-0000-0000-0002-000000000020', 20, 'timing_point', '08:03'),
  ('00000000-0000-0000-0000-000000000020', '00000000-0000-0000-0002-000000000021', 21, 'timing_point', '08:10'),
  ('00000000-0000-0000-0000-000000000020', '00000000-0000-0000-0002-000000000022', 22, 'timing_point', '08:10'),
  ('00000000-0000-0000-0000-000000000020', '00000000-0000-0000-0002-000000000023', 23, 'timing_point', '08:40');

-- S125S Afternoon Inbound
insert into timetable_stops (timetable_id, stop_id, sequence, stop_type, scheduled_time) values
  ('00000000-0000-0000-0000-000000000021', '00000000-0000-0000-0003-000000000001',  1, 'timing_point', '16:50'),
  ('00000000-0000-0000-0000-000000000021', '00000000-0000-0000-0003-000000000002',  2, 'timing_point', '17:05'),
  ('00000000-0000-0000-0000-000000000021', '00000000-0000-0000-0003-000000000003',  3, 'timing_point', '17:09'),
  ('00000000-0000-0000-0000-000000000021', '00000000-0000-0000-0003-000000000004',  4, 'timing_point', '17:16'),
  ('00000000-0000-0000-0000-000000000021', '00000000-0000-0000-0003-000000000005',  5, 'timing_point', '17:19'),
  ('00000000-0000-0000-0000-000000000021', '00000000-0000-0000-0003-000000000006',  6, 'timing_point', '17:26'),
  ('00000000-0000-0000-0000-000000000021', '00000000-0000-0000-0003-000000000007',  7, 'timing_point', '17:26'),
  ('00000000-0000-0000-0000-000000000021', '00000000-0000-0000-0003-000000000008',  8, 'timing_point', '17:28'),
  ('00000000-0000-0000-0000-000000000021', '00000000-0000-0000-0003-000000000009',  9, 'timing_point', '17:29'),
  ('00000000-0000-0000-0000-000000000021', '00000000-0000-0000-0003-000000000010', 10, 'timing_point', '17:30'),
  ('00000000-0000-0000-0000-000000000021', '00000000-0000-0000-0003-000000000011', 11, 'timing_point', '17:31'),
  ('00000000-0000-0000-0000-000000000021', '00000000-0000-0000-0003-000000000012', 12, 'timing_point', '17:33'),
  ('00000000-0000-0000-0000-000000000021', '00000000-0000-0000-0003-000000000013', 13, 'timing_point', '17:35'),
  ('00000000-0000-0000-0000-000000000021', '00000000-0000-0000-0003-000000000014', 14, 'timing_point', '17:35'),
  ('00000000-0000-0000-0000-000000000021', '00000000-0000-0000-0003-000000000015', 15, 'timing_point', '17:36'),
  ('00000000-0000-0000-0000-000000000021', '00000000-0000-0000-0003-000000000016', 16, 'timing_point', '17:37'),
  ('00000000-0000-0000-0000-000000000021', '00000000-0000-0000-0003-000000000017', 17, 'timing_point', '17:37'),
  ('00000000-0000-0000-0000-000000000021', '00000000-0000-0000-0003-000000000018', 18, 'timing_point', '17:39'),
  ('00000000-0000-0000-0000-000000000021', '00000000-0000-0000-0003-000000000019', 19, 'timing_point', '17:40'),
  ('00000000-0000-0000-0000-000000000021', '00000000-0000-0000-0003-000000000020', 20, 'timing_point', '17:41'),
  ('00000000-0000-0000-0000-000000000021', '00000000-0000-0000-0003-000000000021', 21, 'timing_point', '17:42'),
  ('00000000-0000-0000-0000-000000000021', '00000000-0000-0000-0003-000000000022', 22, 'timing_point', '17:43'),
  ('00000000-0000-0000-0000-000000000021', '00000000-0000-0000-0003-000000000023', 23, 'timing_point', '17:45');

-- S116S Morning Outbound
insert into timetable_stops (timetable_id, stop_id, sequence, stop_type, scheduled_time) values
  ('00000000-0000-0000-0000-000000000022', '00000000-0000-0000-0004-000000000001',  1, 'timing_point', '07:40'),
  ('00000000-0000-0000-0000-000000000022', '00000000-0000-0000-0004-000000000002',  2, 'timing_point', '07:43'),
  ('00000000-0000-0000-0000-000000000022', '00000000-0000-0000-0004-000000000003',  3, 'timing_point', '07:44'),
  ('00000000-0000-0000-0000-000000000022', '00000000-0000-0000-0004-000000000004',  4, 'timing_point', '07:44'),
  ('00000000-0000-0000-0000-000000000022', '00000000-0000-0000-0004-000000000005',  5, 'timing_point', '07:45'),
  ('00000000-0000-0000-0000-000000000022', '00000000-0000-0000-0004-000000000006',  6, 'timing_point', '07:46'),
  ('00000000-0000-0000-0000-000000000022', '00000000-0000-0000-0004-000000000007',  7, 'timing_point', '07:53'),
  ('00000000-0000-0000-0000-000000000022', '00000000-0000-0000-0004-000000000008',  8, 'timing_point', '07:53'),
  ('00000000-0000-0000-0000-000000000022', '00000000-0000-0000-0004-000000000009',  9, 'timing_point', '07:54'),
  ('00000000-0000-0000-0000-000000000022', '00000000-0000-0000-0004-000000000010', 10, 'timing_point', '07:55'),
  ('00000000-0000-0000-0000-000000000022', '00000000-0000-0000-0004-000000000011', 11, 'timing_point', '07:57'),
  ('00000000-0000-0000-0000-000000000022', '00000000-0000-0000-0004-000000000012', 12, 'timing_point', '07:58'),
  ('00000000-0000-0000-0000-000000000022', '00000000-0000-0000-0004-000000000013', 13, 'timing_point', '08:03'),
  ('00000000-0000-0000-0000-000000000022', '00000000-0000-0000-0004-000000000014', 14, 'timing_point', '08:05'),
  ('00000000-0000-0000-0000-000000000022', '00000000-0000-0000-0004-000000000015', 15, 'timing_point', '08:07'),
  ('00000000-0000-0000-0000-000000000022', '00000000-0000-0000-0004-000000000016', 16, 'timing_point', '08:08'),
  ('00000000-0000-0000-0000-000000000022', '00000000-0000-0000-0004-000000000017', 17, 'timing_point', '08:10'),
  ('00000000-0000-0000-0000-000000000022', '00000000-0000-0000-0004-000000000018', 18, 'timing_point', '08:13'),
  ('00000000-0000-0000-0000-000000000022', '00000000-0000-0000-0004-000000000019', 19, 'timing_point', '08:15'),
  ('00000000-0000-0000-0000-000000000022', '00000000-0000-0000-0004-000000000020', 20, 'timing_point', '08:15'),
  ('00000000-0000-0000-0000-000000000022', '00000000-0000-0000-0004-000000000021', 21, 'timing_point', '08:16'),
  ('00000000-0000-0000-0000-000000000022', '00000000-0000-0000-0004-000000000022', 22, 'timing_point', '08:17'),
  ('00000000-0000-0000-0000-000000000022', '00000000-0000-0000-0004-000000000023', 23, 'timing_point', '08:17'),
  ('00000000-0000-0000-0000-000000000022', '00000000-0000-0000-0004-000000000024', 24, 'timing_point', '08:18'),
  ('00000000-0000-0000-0000-000000000022', '00000000-0000-0000-0004-000000000025', 25, 'timing_point', '08:18'),
  ('00000000-0000-0000-0000-000000000022', '00000000-0000-0000-0004-000000000026', 26, 'timing_point', '08:19'),
  ('00000000-0000-0000-0000-000000000022', '00000000-0000-0000-0004-000000000027', 27, 'timing_point', '08:21'),
  ('00000000-0000-0000-0000-000000000022', '00000000-0000-0000-0004-000000000028', 28, 'timing_point', '08:22'),
  ('00000000-0000-0000-0000-000000000022', '00000000-0000-0000-0004-000000000029', 29, 'timing_point', '08:24'),
  ('00000000-0000-0000-0000-000000000022', '00000000-0000-0000-0004-000000000030', 30, 'timing_point', '08:25');

-- S116S Afternoon Inbound
-- seq 1  → shared stop: Donington, o/s Cowley Secondary School (0004-…0030)
-- seq 30 → shared stop: Boston Bus Station (Bay 8)             (0004-…0001)
insert into timetable_stops (timetable_id, stop_id, sequence, stop_type, scheduled_time) values
  ('00000000-0000-0000-0000-000000000023', '00000000-0000-0000-0004-000000000030',  1, 'timing_point', '15:23'),
  ('00000000-0000-0000-0000-000000000023', '00000000-0000-0000-0005-000000000002',  2, 'timing_point', '15:24'),
  ('00000000-0000-0000-0000-000000000023', '00000000-0000-0000-0005-000000000003',  3, 'timing_point', '15:27'),
  ('00000000-0000-0000-0000-000000000023', '00000000-0000-0000-0005-000000000004',  4, 'timing_point', '15:28'),
  ('00000000-0000-0000-0000-000000000023', '00000000-0000-0000-0005-000000000005',  5, 'timing_point', '15:30'),
  ('00000000-0000-0000-0000-000000000023', '00000000-0000-0000-0005-000000000006',  6, 'timing_point', '15:31'),
  ('00000000-0000-0000-0000-000000000023', '00000000-0000-0000-0005-000000000007',  7, 'timing_point', '15:31'),
  ('00000000-0000-0000-0000-000000000023', '00000000-0000-0000-0005-000000000008',  8, 'timing_point', '15:32'),
  ('00000000-0000-0000-0000-000000000023', '00000000-0000-0000-0005-000000000009',  9, 'timing_point', '15:32'),
  ('00000000-0000-0000-0000-000000000023', '00000000-0000-0000-0005-000000000010', 10, 'timing_point', '15:33'),
  ('00000000-0000-0000-0000-000000000023', '00000000-0000-0000-0005-000000000011', 11, 'timing_point', '15:33'),
  ('00000000-0000-0000-0000-000000000023', '00000000-0000-0000-0005-000000000012', 12, 'timing_point', '15:35'),
  ('00000000-0000-0000-0000-000000000023', '00000000-0000-0000-0005-000000000013', 13, 'timing_point', '15:37'),
  ('00000000-0000-0000-0000-000000000023', '00000000-0000-0000-0005-000000000014', 14, 'timing_point', '15:40'),
  ('00000000-0000-0000-0000-000000000023', '00000000-0000-0000-0005-000000000015', 15, 'timing_point', '15:42'),
  ('00000000-0000-0000-0000-000000000023', '00000000-0000-0000-0005-000000000016', 16, 'timing_point', '15:43'),
  ('00000000-0000-0000-0000-000000000023', '00000000-0000-0000-0005-000000000017', 17, 'timing_point', '15:45'),
  ('00000000-0000-0000-0000-000000000023', '00000000-0000-0000-0005-000000000018', 18, 'timing_point', '15:47'),
  ('00000000-0000-0000-0000-000000000023', '00000000-0000-0000-0005-000000000019', 19, 'timing_point', '15:52'),
  ('00000000-0000-0000-0000-000000000023', '00000000-0000-0000-0005-000000000020', 20, 'timing_point', '15:52'),
  ('00000000-0000-0000-0000-000000000023', '00000000-0000-0000-0005-000000000021', 21, 'timing_point', '15:53'),
  ('00000000-0000-0000-0000-000000000023', '00000000-0000-0000-0005-000000000022', 22, 'timing_point', '15:53'),
  ('00000000-0000-0000-0000-000000000023', '00000000-0000-0000-0005-000000000023', 23, 'timing_point', '15:54'),
  ('00000000-0000-0000-0000-000000000023', '00000000-0000-0000-0005-000000000024', 24, 'timing_point', '15:55'),
  ('00000000-0000-0000-0000-000000000023', '00000000-0000-0000-0005-000000000025', 25, 'timing_point', '16:01'),
  ('00000000-0000-0000-0000-000000000023', '00000000-0000-0000-0005-000000000026', 26, 'timing_point', '16:02'),
  ('00000000-0000-0000-0000-000000000023', '00000000-0000-0000-0005-000000000027', 27, 'timing_point', '16:03'),
  ('00000000-0000-0000-0000-000000000023', '00000000-0000-0000-0005-000000000028', 28, 'timing_point', '16:04'),
  ('00000000-0000-0000-0000-000000000023', '00000000-0000-0000-0005-000000000029', 29, 'timing_point', '16:05'),
  ('00000000-0000-0000-0000-000000000023', '00000000-0000-0000-0004-000000000001', 30, 'timing_point', '16:08');
