atco_code,name,announcement_name,severity,flags,line2_shows,line3_shows,line2_over_px,line3_over_px,suggested_value,suggestion_kind,your_value
,"The Donington Cowley Endowed Primary School, Town Dam Lane, Donington CP, South Holland, Lincolnshire, Greater Lincolnshire, England, PE11 4TR, United Kingdom","The Donington Cowley Endowed Primary School, Town Dam Lane, Donington CP, South Holland, Lincolnshire, Greater Lincolnshire, England, PE11 4TR, United Kingdom",error,unreviewed-copy address-not-a-name comma-space town-scrolls stop-scrolls,The Donington Cowley Endowed Primary School,"Town Dam Lane, Donington CP, South Holland, Lincolnshire, Greater Lincolnshire, England, PE11 4TR, United Kingdom",3443.609375,10419.7841796875,,,
270000009172,Wheatsheaf PH (opp),,error,no-announcement-name no-comma abbreviation indicator,,,,,,,
2700LWCB0313,Boston Wyberton High Bridge (NE-bound)," Wyberton, High Bridge (NE-bound)",warn,comma-space stray-space indicator,Wyberton,High Bridge,0,0,"Wyberton,High Bridge (NE-bound)",tidy,
270000010399,"156 Freiston Road, Boston","156 Freiston Road, Boston",warn,unreviewed-copy comma-space town-scrolls,156 Freiston Road,Boston,431.1090087890625,0,"Boston,156 Freiston Road",reorder,
270000009439,"A16 South Bus Stop, Stickford","A16 South Bus Stop, Stickford",warn,unreviewed-copy comma-space town-scrolls,A16 South Bus Stop,Stickford,626.90380859375,0,"Stickford,A16 South Bus Stop",reorder,
2700LBP00117,"Admiral Nelson PH, Benington","Admiral Nelson PH, Benington",warn,unreviewed-copy comma-space abbreviation town-scrolls,Admiral Nelson PH,Benington,500.296630859375,0,"Benington,Admiral Nelson PH",reorder,
270002701328,"Ancaster Court, Broadfield Lane, Boston","Ancaster Court, Broadfield Lane, Boston",warn,unreviewed-copy multiple-commas comma-space town-scrolls stop-scrolls,Ancaster Court,"Broadfield Lane, Boston",130.8226318359375,1030.97119140625,"Boston,Ancaster Court, Broadfield Lane",reorder,
270000009202,"Armtree Road, Langrick","Armtree Road, Langrick",warn,unreviewed-copy comma-space town-scrolls,Armtree Road,Langrick,3.9111328125,0,"Langrick,Armtree Road",reorder,
2700LAG05157,Telephone Box (adj),"Astons Gowt,Telephone Box ",warn,stray-space stop-scrolls,Astons Gowt,Telephone Box,0,103.7357177734375,"Astons Gowt,Telephone Box",tidy,
,"Audley Gate, Netherton, Peterborough","Audley Gate, Netherton, Peterborough",warn,unreviewed-copy multiple-commas comma-space stop-scrolls,Audley Gate,"Netherton, Peterborough",0,1088.59375,"Peterborough,Audley Gate, Netherton",reorder,
270000009293,"Bargate Bridge, Spilsby Road, Boston","Bargate Bridge, Spilsby Road, Boston",warn,unreviewed-copy multiple-commas comma-space town-scrolls stop-scrolls,Bargate Bridge,"Spilsby Road, Boston",119.359130859375,777.046875,"Boston,Bargate Bridge, Spilsby Road",reorder,
270000008788,"Baythorpe, adj Hardwick Plot Lane","Baythorpe,Hardwick Plot Lane",warn,stop-scrolls,Baythorpe,Hardwick Plot Lane,0,546.556884765625,,,
270000008787,"Baythorpe, opp Hardwick Plot Lane","Baythorpe,Hardwick Plot Lane",warn,stop-scrolls,Baythorpe,Hardwick Plot Lane,0,546.556884765625,,,
270000008886,Bicker Bar Hotel (adj),"Bicker Bar, Hotel",warn,comma-space,Bicker Bar,Hotel,0,0,"Bicker Bar,Hotel",tidy,
270002701407,"Blackthorn Lane, Princess Anne Road, Boston","Blackthorn Lane, Princess Anne Road, Boston",warn,unreviewed-copy multiple-commas comma-space town-scrolls stop-scrolls,Blackthorn Lane,"Princess Anne Road, Boston",257.835693359375,1481.502197265625,"Boston,Blackthorn Lane, Princess Anne Road",reorder,
270002701748,Boston Bus Station Stop 9,"Boston, Bus Station",warn,comma-space,Boston,Bus Station,0,0,"Boston,Bus Station",tidy,
2700LBLN4151,Admiral Nelson PH (adj),"Boston,Admiral Nelson",warn,stop-scrolls,Boston,Admiral Nelson,0,153.952880859375,,,
270000009301,"Boston, opp Footpath to Arundel Crescent","Boston,Arundel Crescent",warn,stop-scrolls,Boston,Arundel Crescent,0,361.81982421875,,,
2700LSR02798,Bell Mere Pool (opp),"Boston,Bell Mere Pool ",warn,stray-space stop-scrolls,Boston,Bell Mere Pool,0,61.635009765625,"Boston,Bell Mere Pool",tidy,
270000010396,Boston College Car Park (in),"Boston,College Car Park",warn,stop-scrolls,Boston,College Car Park,0,292.8353271484375,,,
270000009302,"Boston, adj Footpath to Arundel Crescent","Boston,Footpath to Arundel Crescent",warn,stop-scrolls,Boston,Footpath to Arundel Crescent,0,1561.84912109375,,,
270002701037,Greyfriars Surgery (o/s),"Boston,Greyfriars Surgery ",warn,stray-space stop-scrolls,Boston,Greyfriars Surgery,0,466.2099609375,"Boston,Greyfriars Surgery",tidy,
270000009204,Ivydene House (adj),"Boston,Ivydene House",warn,stop-scrolls,Boston,Ivydene House,0,96.4317626953125,,,
270000009205,Ivydene House (opp),"Boston,Ivydene House",warn,stop-scrolls,Boston,Ivydene House,0,96.4317626953125,,,
270002701438,Municipal Buildings (opp),"Boston,Municipal Buildings",warn,stop-scrolls,Boston,Municipal Buildings,0,592.20849609375,,,
270000009299,"Boston, opp Rosebery Avenue","Boston,Rosebery Avenue",warn,stop-scrolls,Boston,Rosebery Avenue,0,377.4427490234375,,,
270000008829,Spotfield Lane (opp),"Boston,Spotfield Lane",warn,stop-scrolls,Boston,Spotfield Lane,0,61.330810546875,,,
270000008803,St Thomas Church (opp),"Boston,St Thomas Church",warn,stop-scrolls,Boston,St Thomas Church,0,476.963623046875,,,
270000008806,St Thomas Drive (opp),"Boston,St Thomas Drive",warn,stop-scrolls,Boston,St Thomas Drive,0,269.502197265625,,,
270000009233,The Olde Union Inn (opp),"Boston,The Olde Union",warn,stop-scrolls,Boston,The Olde Union,0,165.112060546875,,,
270000008809,Tytton Lane West (adj),"Boston,Tytton Lane West",warn,stop-scrolls,Boston,Tytton Lane West,0,342.239990234375,,,
270000009413,West Lane Fen (adj),"Boston,West Lane Fen",warn,stop-scrolls,Boston,West Lane Fen,0,92.373779296875,,,
270000009326,"Bradford Road, Staniland Road, Boston","Bradford Road, Staniland Road, Boston",warn,unreviewed-copy multiple-commas comma-space town-scrolls stop-scrolls,Bradford Road,"Staniland Road, Boston",84.359375,973.14599609375,"Boston,Bradford Road, Staniland Road",reorder,
270002701744,"Bus Station, Rosegarth Street, Boston","Bus Station, Rosegarth Street, Boston",warn,unreviewed-copy multiple-commas comma-space stop-scrolls,Bus Station,"Rosegarth Street, Boston",0,1135.05712890625,"Boston,Bus Station, Rosegarth Street",reorder,
270000009206,"Castlegate, Leagate Road, Gipsey Bridge","Castlegate, Leagate Road, Gipsey Bridge",warn,unreviewed-copy multiple-commas comma-space stop-scrolls,Castlegate,"Leagate Road, Gipsey Bridge",0,1516.400390625,"Gipsey Bridge,Castlegate, Leagate Road",reorder,
270002701460,"Church of Latter Day Saints, Woodthorpe Ave, Boston","Church of Latter Day Saints, Woodthorpe Ave, Boston",warn,unreviewed-copy multiple-commas comma-space abbreviation town-scrolls stop-scrolls,Church of Latter Day Saints,"Woodthorpe Ave, Boston",1366.05419921875,1111.52099609375,"Boston,Church of Latter Day Saints, Woodthorpe Ave",reorder,
2700LSRL3668,"Church Road, A16, Stickford","Church Road, A16, Stickford",warn,unreviewed-copy multiple-commas comma-space stop-scrolls,Church Road,"A16, Stickford",0,27.041259765625,"Stickford,Church Road, A16",reorder,
270000014456,"Community Centre, Hubberts Bridge","Community Centre, Hubberts Bridge",warn,unreviewed-copy comma-space town-scrolls stop-scrolls,Community Centre,Hubberts Bridge,488.528564453125,257.6328125,"Hubberts Bridge,Community Centre",reorder,
270000008812,"Delfield Road, London Road, Wyberton","Delfield Road, London Road, Wyberton",warn,unreviewed-copy multiple-commas comma-space stop-scrolls,Delfield Road,"London Road, Wyberton",0,1038.275634765625,"Wyberton,Delfield Road, London Road",reorder,
,"Dogsthorpe, Peterborough","Dogsthorpe, Peterborough",warn,unreviewed-copy comma-space,Dogsthorpe,Peterborough,0,0,"Peterborough,Dogsthorpe",reorder,
270002701170,"Donington, o/s Cowley Secondary School","Donington,Cowley Academy",warn,stop-scrolls,Donington,Cowley Academy,0,338.994140625,,,
270000010588,"Fen Road, Frampton Fen","Fen Road, Frampton Fen",warn,unreviewed-copy comma-space stop-scrolls,Fen Road,Frampton Fen,0,15.0704345703125,"Frampton Fen,Fen Road",reorder,
2700LLFS0328,"Fire Station, Leverton","Fire Station, Leverton",warn,unreviewed-copy comma-space,Fire Station,Leverton,0,0,"Leverton,Fire Station",reorder,
270002701291,"Fish Hill, Market Place, Boston","Fish Hill, Market Place, Boston",warn,unreviewed-copy multiple-commas comma-space stop-scrolls,Fish Hill,"Market Place, Boston",0,731.395263671875,"Boston,Fish Hill, Market Place",reorder,
270000009279,"Five Bells Inn, Butterwick","Five Bells Inn, Butterwick",warn,unreviewed-copy comma-space,Five Bells Inn,Butterwick,0,0,"Butterwick,Five Bells Inn",reorder,
270000009615,"Fleet Hargate, adj Proctors Close","Fleet Hargate,Proctors Close",warn,stop-scrolls,Fleet Hargate,Proctors Close,0,107.8955078125,,,
270000009614,"Fleet Hargate, opp Proctors Close","Fleet Hargate,Proctors Close",warn,stop-scrolls,Fleet Hargate,Proctors Close,0,107.8955078125,,,
2700LFC01143,"Fosdyke, adj All Saint's Church","Fosdyke,All Saint's Church",warn,stop-scrolls,Fosdyke,All Saint's Church,0,411.022216796875,,,
270000008753,"Fosdyke, opp All Saint's Church","Fosdyke,All Saint's Church",warn,stop-scrolls,Fosdyke,All Saint's Church,0,411.022216796875,,,
270000009295,"Foster Street, John Adams Way, Boston","Foster Street, John Adams Way, Boston",warn,unreviewed-copy multiple-commas comma-space stop-scrolls,Foster Street,"John Adams Way, Boston",0,1169.548828125,"Boston,Foster Street, John Adams Way",reorder,
2700LBBC6594,"Four Crossroads, Frampton Fen","Four Crossroads, Frampton Fen",warn,unreviewed-copy comma-space town-scrolls stop-scrolls,Four Crossroads,Frampton Fen,303.9945068359375,15.0704345703125,"Frampton Fen,Four Crossroads",reorder,
270000008836,"Frampton, adj Middlegate Road","Frampton,Middlegate Road",warn,stop-scrolls,Frampton,Middlegate Road,0,292.2265625,,,
270000008835,"Frampton, opp Middlegate Road","Frampton,Middlegate Road",warn,stop-scrolls,Frampton,Middlegate Road,0,292.2265625,,,
270000008827,"Frampton, adj Millfield Lane West","Frampton,Millfield Lane West",warn,stop-scrolls,Frampton,Millfield Lane West,0,496.340087890625,,,
270000008828,"Frampton, opp Millfield Lane West","Frampton,Millfield Lane West",warn,stop-scrolls,Frampton,Millfield Lane West,0,496.340087890625,,,
270002701497,Gipsey Bridge Academy (B1184),"Gipsey Bridge, Academy",warn,comma-space town-scrolls,Gipsey Bridge,Academy,38.6064453125,0,"Gipsey Bridge,Academy",tidy,
2700LSGCP176,"Golden Cross PH, Boston Road, Swineshead","Golden Cross PH, Boston Road, Swineshead",warn,unreviewed-copy multiple-commas comma-space abbreviation town-scrolls stop-scrolls,Golden Cross PH,"Boston Road, Swineshead",338.58837890625,1238.93994140625,"Swineshead,Golden Cross PH, Boston Road",reorder,
270002701314,"Granville Street, Brothertoft Road, Boston","Granville Street, Brothertoft Road, Boston",warn,unreviewed-copy multiple-commas comma-space town-scrolls stop-scrolls,Granville Street,"Brothertoft Road, Boston",165.822265625,1122.88330078125,"Boston,Granville Street, Brothertoft Road",reorder,
,"Hawthorn Primary, Fishtoft","Hawthorn Primary, Fishtoft",warn,unreviewed-copy comma-space town-scrolls,Hawthorn Primary,Fishtoft,419.5438232421875,0,"Fishtoft,Hawthorn Primary",reorder,
270000009359,"Hawthorn Tree Corner, Church Green Road","Hawthorn Tree Corner, Church Green Road",warn,unreviewed-copy comma-space town-scrolls stop-scrolls,Hawthorn Tree Corner,Church Green Road,811.94482421875,592.5128173828125,"Church Green Road,Hawthorn Tree Corner",reorder,
2700LBSR3191,"High School For Girls, Spilsby Road, Boston","High School For Girls, Spilsby Road, Boston",warn,unreviewed-copy multiple-commas comma-space town-scrolls stop-scrolls,High School For Girls,"Spilsby Road, Boston",765.48193359375,777.046875,"Boston,High School For Girls, Spilsby Road",reorder,
2700LHCC2441,"Holbeach, adj Interchange Shelter","Holbeach,Interchange Shelter",warn,stop-scrolls,Holbeach,Interchange Shelter,0,569.68701171875,,,
2700LHHG2858,"Holbeach, opp Interchange Shelter","Holbeach,Interchange Shelter",warn,stop-scrolls,Holbeach,Interchange Shelter,0,569.68701171875,,,
270000009451,"Holbeach, adj Stukeley Hall Drive","Holbeach,Stukeley Hall Drive",warn,stop-scrolls,Holbeach,Stukeley Hall Drive,0,500.8037109375,,,
270000009452,"Holbeach, opp Stukeley Hall Drive","Holbeach,Stukeley Hall Drive",warn,stop-scrolls,Holbeach,Stukeley Hall Drive,0,500.8037109375,,,
2700LGBR1019,"Hundlehouse Lane, Leagate Road, Bunkers Hill","Hundlehouse Lane, Leagate Road, Bunkers Hill",warn,unreviewed-copy multiple-commas comma-space town-scrolls stop-scrolls,Hundlehouse Lane,"Leagate Road, Bunkers Hill",488.528564453125,1320.098388671875,"Bunkers Hill,Hundlehouse Lane, Leagate Road",reorder,
270000008808,"Hunters Creek, London Road, Boston","Hunters Creek, London Road, Boston",warn,unreviewed-copy multiple-commas comma-space town-scrolls stop-scrolls,Hunters Creek,"London Road, Boston",50.27294921875,799.568359375,"Boston,Hunters Creek, London Road",reorder,
270000009331,"Ice Cream Parlour, Kingsway, Boston","Ice Cream Parlour, Kingsway, Boston",warn,unreviewed-copy multiple-commas comma-space town-scrolls stop-scrolls,Ice Cream Parlour,"Kingsway, Boston",408.384521484375,415.3841552734375,"Boston,Ice Cream Parlour, Kingsway",reorder,
270002700580,"Junction Meer Booth Road, Leagate Road, Antons Gowt","Junction Meer Booth Road, Leagate Road, Antons Gowt",warn,unreviewed-copy multiple-commas comma-space town-scrolls stop-scrolls,Junction Meer Booth Road,"Leagate Road, Antons Gowt",1273.229248046875,1400.34375,"Antons Gowt,Junction Meer Booth Road, Leagate Road",reorder,
270002701124,"Kings Head Inn, Church Road, Freiston","Kings Head Inn, Church Road, Freiston",warn,unreviewed-copy multiple-commas comma-space town-scrolls stop-scrolls,Kings Head Inn,"Church Road, Freiston",142.1849365234375,869.36474609375,"Freiston,Kings Head Inn, Church Road",reorder,
2700LKEP6195,Kirton End Post Office (SW-bound),"Kirton End, Post Office (SW-bound)",warn,comma-space indicator,Kirton End,Post Office,0,0,"Kirton End,Post Office (SW-bound)",tidy,
2700LBC00653,Blackjack Crossroads (N-bound),"Kirton End,Blackjack X Roads",warn,abbreviation stop-scrolls,Kirton End,Blackjack X Roads,0,477.775146484375,,,
2700LKH00315,"Kirton Holme Road, Boston Road","Kirton Holme Road, Boston Road",warn,unreviewed-copy comma-space town-scrolls,Kirton Holme Road,Boston Road,511.455810546875,0,"Boston Road,Kirton Holme Road",reorder,
270000008785,"Kirton Holme, adj Fenhouses Drove","Kirton Holme,Fenhouses Drove",warn,stop-scrolls,Kirton Holme,Fenhouses Drove,0,373.385009765625,,,
270000008786,"Kirton Holme, opp Fenhouses Drove","Kirton Holme,Fenhouses Drove",warn,stop-scrolls,Kirton Holme,Fenhouses Drove,0,373.385009765625,,,
2700LDPS1706,Primary School (adj),"Kirton,Primary School",warn,stop-scrolls,Kirton,Primary School,0,154.15576171875,,,
270000010590,Middlecott School,"KIrton,Thomas Middlecott",warn,odd-capitals stop-scrolls,KIrton,Thomas Middlecott,0,523.020751953125,"Kirton,Thomas Middlecott",tidy,
270000008838,"Kirton, adj Woodlands Court","Kirton,Woodlands Court",warn,stop-scrolls,Kirton,Woodlands Court,0,357.356201171875,,,
270000008837,"Woodlands Court, Boston Road, Kirton","Kirton,Woodlands Court",warn,stop-scrolls,Kirton,Woodlands Court,0,357.356201171875,,,
270000008782,"Leonard Cottages, Swineshead Road","Leonard Cottages, Swineshead Road",warn,unreviewed-copy comma-space town-scrolls stop-scrolls,Leonard Cottages,Swineshead Road,396.2108154296875,407.978759765625,"Swineshead Road,Leonard Cottages",reorder,
,"Lincoln Road, opp Retail Park, Peterborough","Lincoln Road,Retail Park, Peterborough",warn,multiple-commas stop-scrolls,Lincoln Road,"Retail Park, Peterborough",0,1181.5205078125,,,
270000009290,"Mill Inn, Spilsby Road, Boston","Mill Inn, Spilsby Road, Boston",warn,unreviewed-copy multiple-commas comma-space stop-scrolls,Mill Inn,"Spilsby Road, Boston",0,777.046875,"Boston,Mill Inn, Spilsby Road",reorder,
270000009365,"Monteith Crescent, Tower Road, Boston","Monteith Crescent, Tower Road, Boston",warn,unreviewed-copy multiple-commas comma-space town-scrolls stop-scrolls,Monteith Crescent,"Tower Road, Boston",442.36962890625,634.5120849609375,"Boston,Monteith Crescent, Tower Road",reorder,
,"Norfolk Street, Boston","Norfolk Street, Boston",warn,unreviewed-copy comma-space town-scrolls,Norfolk Street,Boston,3.8096923828125,0,"Boston,Norfolk Street",reorder,
270000008874,"Northorpe, adj Browntoft Lane","Northorpe,Browntoft Lane",warn,stop-scrolls,Northorpe,Browntoft Lane,0,153.445556640625,,,
270000008875,"Northorpe, opp Browntoft Lane","Northorpe,Browntoft Lane",warn,stop-scrolls,Northorpe,Browntoft Lane,0,153.445556640625,,,
270000008873,"Northorpe, adj Church Street","Northorpe,Church Street",warn,stop-scrolls,Northorpe,Church Street,0,3.8096923828125,,,
270000008872,"Northorpe, opp Church Street","Northorpe,Church Street",warn,stop-scrolls,Northorpe,Church Street,0,3.8096923828125,,,
270000009221,"Occupation Lane, New Bolingbroke","Occupation Lane, New Bolingbroke",warn,unreviewed-copy comma-space town-scrolls stop-scrolls,Occupation Lane,New Bolingbroke,315.458251953125,326.9217529296875,"New Bolingbroke,Occupation Lane",reorder,
2700LWPP0032,"Pincushion Inn, London Road, Wyberton","Pincushion Inn, London Road, Wyberton",warn,unreviewed-copy multiple-commas comma-space town-scrolls stop-scrolls,Pincushion Inn,"London Road, Wyberton",118.9532470703125,1038.275634765625,"Wyberton,Pincushion Inn, London Road",reorder,
,"Primary School, Butterwick","Primary School, Butterwick",warn,unreviewed-copy comma-space town-scrolls,Primary School,Butterwick,154.15576171875,0,"Butterwick,Primary School",reorder,
2700LSP05495,"Primary School, Main Road, Stickney","Primary School, Main Road, Stickney",warn,unreviewed-copy multiple-commas comma-space town-scrolls stop-scrolls,Primary School,"Main Road, Stickney",154.15576171875,650.439697265625,"Stickney,Primary School, Main Road",reorder,
270000009390,"Quakers Lane, John Adams Way, Boston","Quakers Lane, John Adams Way, Boston",warn,unreviewed-copy multiple-commas comma-space town-scrolls stop-scrolls,Quakers Lane,"John Adams Way, Boston",4.215576171875,1169.548828125,"Boston,Quakers Lane, John Adams Way",reorder,
,"Queensgate, Lincoln Road, Peterborough","Queensgate, Lincoln Road, Peterborough",warn,unreviewed-copy multiple-commas comma-space stop-scrolls,Queensgate,"Lincoln Road, Peterborough",0,1423.27099609375,"Peterborough,Queensgate, Lincoln Road",reorder,
270002702272,"Richmond House, Freiston Road, Boston","Richmond House, Freiston Road, Boston",warn,unreviewed-copy multiple-commas comma-space town-scrolls stop-scrolls,Richmond House,"Freiston Road, Boston",338.385498046875,857.6982421875,"Boston,Richmond House, Freiston Road",reorder,
,"Ringwood, Bretton, Peterborough","Ringwood, Bretton, Peterborough",warn,unreviewed-copy multiple-commas comma-space stop-scrolls,Ringwood,"Bretton, Peterborough",0,846.133056640625,"Peterborough,Ringwood, Bretton",reorder,
2700LBRA0181,"Rosebery Avenue, Sleaford Road, Boston","Rosebery Avenue, Sleaford Road, Boston",warn,unreviewed-copy multiple-commas comma-space town-scrolls stop-scrolls,Rosebery Avenue,"Sleaford Road, Boston",377.4427490234375,869.36474609375,"Boston,Rosebery Avenue, Sleaford Road",reorder,
270000009223,"Royal Oak Inn, New Bolingbroke","Royal Oak Inn, New Bolingbroke",warn,unreviewed-copy comma-space town-scrolls stop-scrolls,Royal Oak Inn,New Bolingbroke,15.4761962890625,326.9217529296875,"New Bolingbroke,Royal Oak Inn",reorder,
2700LSHV1222,New Saracen's Head PH (adj),"Saracens Head,Village Hall",warn,town-scrolls,Saracens Head,Village Hall,119.8663330078125,0,,,
270000009646,New Saracen's Head PH (opp),"Saracens Head,Village Hall",warn,town-scrolls,Saracens Head,Village Hall,119.8663330078125,0,,,
,"Serpentine Green, Hampton, Peterborough","Serpentine Green, Hampton, Peterborough",warn,unreviewed-copy multiple-commas comma-space town-scrolls stop-scrolls,Serpentine Green,"Hampton, Peterborough",361.92138671875,1007.73974609375,"Peterborough,Serpentine Green, Hampton",reorder,
,"Shell Petrol Station, Peterborough","Shell Petrol Station, Peterborough",warn,unreviewed-copy comma-space town-scrolls,Shell Petrol Station,Peterborough,534.7889404296875,0,"Peterborough,Shell Petrol Station",reorder,
,Spalding Grammar School,"Spalding, Grammar School",warn,comma-space stop-scrolls,Spalding,Grammar School,0,304.1973876953125,"Spalding,Grammar School",tidy,
,Spalding High School,"Spalding, High School",warn,comma-space,Spalding,High School,0,0,"Spalding,High School",tidy,
270000008804,"St Thomas Church, London Road, Wyberton","St Thomas Church, London Road, Wyberton",warn,unreviewed-copy multiple-commas comma-space town-scrolls stop-scrolls,St Thomas Church,"London Road, Wyberton",476.963623046875,1038.275634765625,"Wyberton,St Thomas Church, London Road",reorder,
270000009199,"Station Cottages, Langrick","Station Cottages, Langrick",warn,unreviewed-copy comma-space town-scrolls,Station Cottages,Langrick,280.661376953125,0,"Langrick,Station Cottages",reorder,
,"Stickney, William Lovell Academy","Stickney, William Lovell Academy",warn,unreviewed-copy comma-space stop-scrolls,Stickney,William Lovell Academy,0,995.16015625,"William Lovell Academy,Stickney",reorder,
,"Swimming Pool, Boston","Swimming Pool, Boston",warn,unreviewed-copy comma-space town-scrolls,Swimming Pool,Boston,176.77880859375,0,"Boston,Swimming Pool",reorder,
,"Swimming Pool, Boston","Swimming Pool, Boston",warn,unreviewed-copy comma-space town-scrolls,Swimming Pool,Boston,176.77880859375,0,"Boston,Swimming Pool",reorder,
270002700455,Swineshead Primary School,"Swineshead, Primary School",warn,comma-space stop-scrolls,Swineshead,Primary School,0,154.15576171875,"Swineshead,Primary School",tidy,
270000008868,"Swineshead, adj Bentley's Garage","Swineshead,Bentley's Garage",warn,stop-scrolls,Swineshead,Bentley's Garage,0,319.211669921875,,,
270000008869,"Swineshead, opp Bentley's Garage","Swineshead,Bentley's Garage",warn,stop-scrolls,Swineshead,Bentley's Garage,0,319.211669921875,,,
270000010587,Blackjack Crossroads (S-bound),"Swineshead,Blackjack X Rds",warn,abbreviation stop-scrolls,Swineshead,Blackjack X Rds,0,235.314208984375,,,
2700LSF00652,"Swineshead, adj Fenhouses Lane","Swineshead,Fenhouses Lane",warn,stop-scrolls,Swineshead,Fenhouses Lane,0,269.4007568359375,,,
270000010586,"Swineshead, opp Fenhouses Lane","Swineshead,Fenhouses Lane",warn,stop-scrolls,Swineshead,Fenhouses Lane,0,269.4007568359375,,,
270000008861,"Swineshead, adj King John's Road","Swineshead,King John's Road",warn,stop-scrolls,Swineshead,King John's Road,0,387.689208984375,,,
270000008862,"Swineshead, opp King John's Road","Swineshead,King John's Road",warn,stop-scrolls,Swineshead,King John's Road,0,387.689208984375,,,
2700LSC00137,"Swineshead, adj St Mary's Church","Swineshead,St Mary's Church",warn,stop-scrolls,Swineshead,St Mary's Church,0,330.37109375,,,
270000008863,"Swineshead, opp St Mary's Church","Swineshead,St Mary's Church",warn,stop-scrolls,Swineshead,St Mary's Church,0,330.37109375,,,
270000009409,"The Coach House PH, Keal Cotes","The Coach House PH, Keal Cotes",warn,unreviewed-copy comma-space abbreviation town-scrolls,The Coach House PH,Keal Cotes,731.091064453125,0,"Keal Cotes,The Coach House PH",reorder,
,"The Giles Academy, Old Leake","The Giles Academy, Old Leake",warn,unreviewed-copy comma-space town-scrolls,The Giles Academy,Old Leake,546.8612060546875,0,"Old Leake,The Giles Academy",reorder,
270000008775,"The Orchards, Fen Drove, Hubberts Bridge","The Orchards, Fen Drove, Hubberts Bridge",warn,unreviewed-copy multiple-commas comma-space stop-scrolls,The Orchards,"Fen Drove, Hubberts Bridge",0,1389.0830078125,"Hubberts Bridge,The Orchards, Fen Drove",reorder,
,"Thomas Middlecott Academy, Kirton","Thomas Middlecott Academy, Kirton",warn,unreviewed-copy comma-space town-scrolls,Thomas Middlecott Academy,Kirton,1504.63232421875,0,"Kirton,Thomas Middlecott Academy",reorder,
270000008766,"Tytton Lane East, Wyberton Low Road","Tytton Lane East, Wyberton Low Road",warn,unreviewed-copy comma-space town-scrolls stop-scrolls,Tytton Lane East,Wyberton Low Road,288.47265625,634.51220703125,"Wyberton Low Road,Tytton Lane East",reorder,
270000008810,"Tytton Lane West, London Road, Wyberton","Tytton Lane West, London Road, Wyberton",warn,unreviewed-copy multiple-commas comma-space town-scrolls stop-scrolls,Tytton Lane West,"London Road, Wyberton",342.239990234375,1038.275634765625,"Wyberton,Tytton Lane West, London Road",reorder,
2700LBRLP173,"Vine House Farm, Red Lion Street, Bicker","Vine House Farm, Red Lion Street, Bicker",warn,unreviewed-copy multiple-commas comma-space town-scrolls stop-scrolls,Vine House Farm,"Red Lion Street, Bicker",323.472412109375,916.03076171875,"Bicker,Vine House Farm, Red Lion Street",reorder,
2700LEKR1970,"War Memorial, East Kirkby","War Memorial, East Kirkby",warn,unreviewed-copy comma-space,War Memorial,East Kirkby,0,0,"East Kirkby,War Memorial",reorder,
270000009267,"War Memorial, Fishtoft","War Memorial, Fishtoft",warn,unreviewed-copy comma-space,War Memorial,Fishtoft,0,0,"Fishtoft,War Memorial",reorder,
2700LKP00151,"War Memorial, High Street, Kirton","War Memorial, High Street, Kirton",warn,unreviewed-copy multiple-commas comma-space stop-scrolls,War Memorial,"High Street, Kirton",0,465.2969970703125,"Kirton,War Memorial, High Street",reorder,
,"Westfield Road, Peterborough","Westfield Road, Peterborough",warn,unreviewed-copy comma-space town-scrolls,Westfield Road,Peterborough,126.8660888671875,0,"Peterborough,Westfield Road",reorder,
2700LWC02216,"Weston, adj The Chequers PH","Weston,The Chequers",warn,stop-scrolls,Weston,The Chequers,0,15.374755859375,,,
270000009468,"Weston, opp The Chequers PH","Weston,The Chequers",warn,stop-scrolls,Weston,The Chequers,0,15.374755859375,,,
2700LWSI0324,"Whaplode, adj Darjeeling Restaurant","Whaplode,Darjeeling Restaurant",warn,stop-scrolls,Whaplode,Darjeeling Restaurant,0,777.55419921875,,,
270000009459,"Whaplode, opp Darjeeling Restaurant","Whaplode,Darjeeling Restaurant",warn,stop-scrolls,Whaplode,Darjeeling Restaurant,0,777.55419921875,,,
270000009460,"Whaplode, adj St Mary's Gardens","Whaplode,St Mary's Gardens",warn,stop-scrolls,Whaplode,St Mary's Gardens,0,446.123291015625,,,
270000009461,"Whaplode, opp St Mary's Gardens","Whaplode,St Mary's Gardens",warn,stop-scrolls,Whaplode,St Mary's Gardens,0,446.123291015625,,,
270000009458,"Whaplode, adj Stockwell Gate","Whaplode,Stockwell Gate",warn,stop-scrolls,Whaplode,Stockwell Gate,0,107.996826171875,,,
270000009457,"Whaplode, opp Stockwell Gate","Whaplode,Stockwell Gate",warn,stop-scrolls,Whaplode,Stockwell Gate,0,107.996826171875,,,
2700LSWLS708,"William Lovell School, Stickney","William Lovell School, Stickney",warn,unreviewed-copy comma-space town-scrolls,William Lovell School,Stickney,763.8583984375,0,"Stickney,William Lovell School",reorder,
270000009234,"Willow Farm, Sandy Bank","Willow Farm, Sandy Bank",warn,unreviewed-copy comma-space,Willow Farm,Sandy Bank,0,0,"Sandy Bank,Willow Farm",reorder,
270000008824,"Wyberton, opp Pincushion Inn","Wyberton,Pincushion Inn",warn,stop-scrolls,Wyberton,Pincushion Inn,0,118.9532470703125,,,
,"Wyberton, adj Tytton Lane West","Wyberton,Tytton Lane West",warn,stop-scrolls,Wyberton,Tytton Lane West,0,342.239990234375,,,
270000008885,Bicker Bar Hotel (opp),"Bicker Bar,Hotel",ok,,Bicker Bar,Hotel,0,0,,,
270002701751,Boston Bus Station (Bay 8),"Boston,Bus Station",ok,,Boston,Bus Station,0,0,,,
270002701752,Bus Station (Bay 9),"Boston,Bus Station",ok,,Boston,Bus Station,0,0,,,
270002701311,Boston College (adj),"Boston,College",ok,,Boston,College,0,0,,,
270000008280,Fen Road (adj),"Boston,Fen Road",ok,,Boston,Fen Road,0,0,,,
2700LBFBP119,Five Bells Inn (opp),"Boston,Five Bells Inn",ok,,Boston,Five Bells Inn,0,0,,,
2700LBMP2457,Boots (o/s),"Boston,Market Place",ok,,Boston,Market Place,0,0,,,
270000008768,"Boston, adj Oldrids","Boston,Oldrids",ok,,Boston,Oldrids,0,0,,,
270000008767,"Boston, opp Oldrids","Boston,Oldrids",ok,,Boston,Oldrids,0,0,,,
270002701456,Petit Way (adj),"Boston,Petit Way",ok,,Boston,Petit Way,0,0,,,
270000008798,Stells Lane (opp),"Boston,Stells Lane",ok,,Boston,Stells Lane,0,0,,,
270000009298,"Boston, opp The Minstrels","Boston,The Minstrels",ok,,Boston,The Minstrels,0,0,,,
270000009297,"The Minstrels, Sleaford Road, Boston","Boston,The Minstrels",ok,,Boston,The Minstrels,0,0,,,
2700LSB01623,Willow Farm (opp),"Boston,Willow Farm",ok,,Boston,Willow Farm,0,0,,,
2700LDMP2881,"Donington, adj Market Place","Donington,Market Place",ok,,Donington,Market Place,0,0,,,
270000008891,"Donington, opp Market Place","Donington,Market Place",ok,,Donington,Market Place,0,0,,,
270002701070,"Fleet Hargate, adj Winslow Gate","Fleet Hargate,Winslow Gate",ok,,Fleet Hargate,Winslow Gate,0,0,,,
270002701069,"Fleet Hargate, opp Winslow Gate","Fleet Hargate,Winslow Gate",ok,,Fleet Hargate,Winslow Gate,0,0,,,
270000009898,"Fosdyke, adj Village Hall","Fosdyke,Village Hall",ok,,Fosdyke,Village Hall,0,0,,,
2700LFVH1266,"Fosdyke, opp Village Hall","Fosdyke,Village Hall",ok,,Fosdyke,Village Hall,0,0,,,
270000009613,Fleet Road (adj),"Hargate,Fleet Road",ok,,Hargate,Fleet Road,0,0,,,
270000009612,Fleet Road (opp),"Hargate,Fleet Road",ok,,Hargate,Fleet Road,0,0,,,
270000009647,"Holbeach Cackle Hill, adj 188 Boston Road","Holbeach,Cackle Hill",ok,,Holbeach,Cackle Hill,0,0,,,
270000009648,"Holbeach Cackle Hill, opp 188 Boston Road","Holbeach,Cackle Hill",ok,,Holbeach,Cackle Hill,0,0,,,
270002700600,"Holbeach, adj Damgate","Holbeach,Damgate",ok,,Holbeach,Damgate,0,0,,,
270002700599,"Holbeach, opp Damgate","Holbeach,Damgate",ok,,Holbeach,Damgate,0,0,,,
270000009454,"Holbeach, adj Fairfields","Holbeach,Fairfields",ok,,Holbeach,Fairfields,0,0,,,
270000009453,"Holbeach, opp Fairfields","Holbeach,Fairfields",ok,,Holbeach,Fairfields,0,0,,,
270000009456,"Holbeach, adj Netherfield","Holbeach,Netherfield",ok,,Holbeach,Netherfield,0,0,,,
270000009455,"Holbeach, opp Netherfield","Holbeach,Netherfield",ok,,Holbeach,Netherfield,0,0,,,
270002700597,"Holbeach, adj Rowan Close","Holbeach,Rowan Close",ok,,Holbeach,Rowan Close,0,0,,,
270002700596,"Holbeach, opp Rowan Close","Holbeach,Rowan Close",ok,,Holbeach,Rowan Close,0,0,,,
270002701105,"Holbeach, adj Wignals Gate","Holbeach,Wignals Gate",ok,,Holbeach,Wignals Gate,0,0,,,
270002701104,"Holbeach, opp Wignals Gate","Holbeach,Wignals Gate",ok,,Holbeach,Wignals Gate,0,0,,,
270000008834,Kirton End Post Office (NW-bound),"Kirton End,Post Office",ok,,Kirton End,Post Office,0,0,,,
2700LKWM5699,"Kirton, adj War Memorial","Kirton,War Memorial",ok,,Kirton,War Memorial,0,0,,,
2700LEK02269,War Memorial (adj),"Kirton,War Memorial",ok,,Kirton,War Memorial,0,0,,,
270000009467,"Moulton, adj Bell Lane","Moulton,Bell Lane",ok,,Moulton,Bell Lane,0,0,,,
2700LMAL5185,"Moulton, opp Bell Lane","Moulton,Bell Lane",ok,,Moulton,Bell Lane,0,0,,,
270002701098,"Moulton, adj River Lane","Moulton,River Lane",ok,,Moulton,River Lane,0,0,,,
270002701099,"Moulton, opp River Lane","Moulton,River Lane",ok,,Moulton,River Lane,0,0,,,
270000008864,"Swineshead, adj Bullens Lane","Swineshead,Bullens Lane",ok,,Swineshead,Bullens Lane,0,0,,,
270000008865,"Swineshead, opp Bullens Lane","Swineshead,Bullens Lane",ok,,Swineshead,Bullens Lane,0,0,,,
270000008860,"Swineshead, adj Cole's Lane","Swineshead,Cole's Lane",ok,,Swineshead,Cole's Lane,0,0,,,
270000008859,"Swineshead, opp Cole's Lane","Swineshead,Cole's Lane",ok,,Swineshead,Cole's Lane,0,0,,,
2700LSRS0690,"Swineshead, opp Golden Cross PH","Swineshead,Golden Cross",ok,,Swineshead,Golden Cross,0,0,,,
270000008866,"Swineshead, adj High Green","Swineshead,High Green",ok,,Swineshead,High Green,0,0,,,
270000008867,"Swineshead, opp High Green","Swineshead,High Green",ok,,Swineshead,High Green,0,0,,,
270000008857,"Swineshead, adj Tarry Hill","Swineshead,Tarry Hill",ok,,Swineshead,Tarry Hill,0,0,,,
270000008858,"Swineshead, opp Tarry Hill","Swineshead,Tarry Hill",ok,,Swineshead,Tarry Hill,0,0,,,
270002701093,"Weston, adj Delgate Bank","Weston,Delgate Bank",ok,,Weston,Delgate Bank,0,0,,,
270002701092,"Weston, opp Delgate Bank","Weston,Delgate Bank",ok,,Weston,Delgate Bank,0,0,,,
270002701102,"Whaplode, adj Middle Road","Whaplode,Middle Road",ok,,Whaplode,Middle Road,0,0,,,
270002701101,"Whaplode, opp Middle Road","Whaplode,Middle Road",ok,,Whaplode,Middle Road,0,0,,,
270000009300,Boston Wyberton High Bridge (SW-bound),"Wyberton,High Bridge",ok,,Wyberton,High Bridge,0,0,,,
270000008826,"Wyberton, adj Ralphs Lane","Wyberton,Ralphs Lane",ok,,Wyberton,Ralphs Lane,0,0,,,
270000008825,"Wyberton, opp Ralphs Lane","Wyberton,Ralphs Lane",ok,,Wyberton,Ralphs Lane,0,0,,,
